Slot ID;Owned;Qty;Card Name;Set / Product;Card #;Variant / Printing;Representative Language;All Languages (same card/version);Language Count;Same card in other languages?;Other Languages;Release Status;Release Date;Release Detail;Date Precision;Origin;Legacy ID;Verification;Notes;Primary Source;Verification Source;Unique Version Key
EVM-0001;No;0;Eevee;Pokémon Jungle;Unnumbered;Standard;Japanese;Japanese;1;No;;Released;1997-03-05;05/03/1997;Exact;Original tracker;EEV-0001;Audited base + language mapping;"Second audit: 37 was an internal/checklist sequence, not a printed collector number; documented as unnumbered.";https://pokecottage.com/pokemon-master-sets/eevee;https://www.elitefourum.com/t/collectors-guide-to-eevee-cards-in-all-languages/62616;Eevee | Pokémon Jungle | Unnumbered | Standard
EVM-0002;No;0;Eevee;Rocket Gang;Unnumbered;Standard;Japanese;Japanese;1;No;;Released;1997-11-21;21/11/1997;Exact;Original tracker;EEV-0002;Audited base + language mapping;"Second audit: 49 was an internal/checklist sequence, not a printed collector number; documented as unnumbered.";https://pokecottage.com/pokemon-master-sets/eevee;https://www.elitefourum.com/t/collectors-guide-to-eevee-cards-in-all-languages/62616;Eevee | Rocket Gang | Unnumbered | Standard
EVM-0003;No;0;Eevee;Vending Machine Expansion Sheet 1: Blue;Unnumbered;Glossy;Japanese;Japanese;1;No;;Released;1998-03-23;23/03/1998;Exact;Original tracker;EEV-0003;Audited base + language mapping;"Second audit: 32 was an internal/checklist sequence, not a printed collector number; documented as unnumbered.";https://pokecottage.com/pokemon-master-sets/eevee;https://www.elitefourum.com/t/collectors-guide-to-eevee-cards-in-all-languages/62616;Eevee | Vending Machine Expansion Sheet 1: Blue | Unnumbered | Glossy
EVM-0004;No;0;Lt. Surge's Eevee;Leaders' Stadium;Unnumbered;Standard;Japanese;Japanese;1;No;;Released;1998-10-24;24/10/1998;Exact;Original tracker;EEV-0004;Audited base + language mapping;"Second audit: 62 was an internal/checklist sequence, not a printed collector number; documented as unnumbered.";https://pokecottage.com/pokemon-master-sets/eevee;https://www.elitefourum.com/t/collectors-guide-to-eevee-cards-in-all-languages/62616;Lt. Surge's Eevee | Leaders' Stadium | Unnumbered | Standard
EVM-0005;No;0;Eevee;Jungle;51/64;1st Edition;English;English, Dutch, German, French, Italian, Spanish, Portuguese;7;Yes;Dutch, German, French, Italian, Spanish, Portuguese;Released;1999-06-16;16/06/1999;Exact;Original tracker;EEV-0005;Audited base + language mapping;;https://pokecottage.com/pokemon-master-sets/eevee;https://www.elitefourum.com/t/collectors-guide-to-eevee-cards-in-all-languages/62616;Eevee | Jungle | 51/64 | 1st Edition
EVM-0006;No;0;Eevee;Jungle;51/64;1st Edition d Misprint;English;English;1;No;;Released;1999-06-16;16/06/1999;Exact;Original tracker;EEV-0006;Audited base + language mapping;;https://pokecottage.com/pokemon-master-sets/eevee;https://www.elitefourum.com/t/collectors-guide-to-eevee-cards-in-all-languages/62616;Eevee | Jungle | 51/64 | 1st Edition d Misprint
EVM-0007;No;0;Eevee;Jungle;51/64;Standard;English;English, Dutch, German, French, Italian, Spanish, Portuguese;7;Yes;Dutch, German, French, Italian, Spanish, Portuguese;Released;1999-06-16;16/06/1999;Exact;Original tracker;EEV-0007;Audited base + language mapping;;https://pokecottage.com/pokemon-master-sets/eevee;https://www.elitefourum.com/t/collectors-guide-to-eevee-cards-in-all-languages/62616;Eevee | Jungle | 51/64 | Standard
EVM-0008;No;0;Eevee;Unnumbered Promos;Unnumbered;Fan Club (500 Points);Japanese;Japanese;1;No;;Released;2000-04-01;"Aprile 2000–dicembre 2002 (Fan Club 500 Points; data ancorata all'inizio del periodo)";Range;Original tracker;EEV-0008;Audited base + language mapping;"Second audit: 122 was an internal/checklist sequence, not a printed collector number; documented as unnumbered.";https://pokecottage.com/pokemon-master-sets/eevee;https://bulbapedia.bulbagarden.net/wiki/Eevee_(Fan_Club_promo);Eevee | Unnumbered Promos | Unnumbered | Fan Club (500 Points)
EVM-0009;No;0;Eevee;Team Rocket;55/82;1st Edition;English;English, French, German, Italian;4;Yes;French, German, Italian;Released;2000-04-24;24/04/2000;Exact;Original tracker;EEV-0009;Audited base + language mapping;;https://pokecottage.com/pokemon-master-sets/eevee;https://www.elitefourum.com/t/collectors-guide-to-eevee-cards-in-all-languages/62616;Eevee | Team Rocket | 55/82 | 1st Edition
EVM-0010;No;0;Eevee;Team Rocket;55/82;Standard;English;English, French, German, Italian;4;Yes;French, German, Italian;Released;2000-04-24;24/04/2000;Exact;Original tracker;EEV-0010;Audited base + language mapping;;https://pokecottage.com/pokemon-master-sets/eevee;https://www.elitefourum.com/t/collectors-guide-to-eevee-cards-in-all-languages/62616;Eevee | Team Rocket | 55/82 | Standard
EVM-0011;No;0;Eevee;Wizards Promos;11;Cosmos Holo;English;English;1;No;;Released;2000-06-01;"Giugno 2000 (Wizards Black Star Promo #11; giorno esatto non documentato nel catalogo)";Month;Original tracker;EEV-0011;Audited base + language mapping;;https://pokecottage.com/pokemon-master-sets/eevee;https://www.elitefourum.com/t/collectors-guide-to-eevee-cards-in-all-languages/62616;Eevee | Wizards Promos | 11 | Cosmos Holo
EVM-0012;No;0;Eevee;Crossing the Ruins...;Unnumbered;Standard;Japanese;Japanese;1;No;;Released;2000-07-07;07/07/2000;Exact;Original tracker;EEV-0012;Audited base + language mapping;"Second audit: 49 was an internal/checklist sequence, not a printed collector number; documented as unnumbered.";https://pokecottage.com/pokemon-master-sets/eevee;https://www.elitefourum.com/t/collectors-guide-to-eevee-cards-in-all-languages/62616;Eevee | Crossing the Ruins... | Unnumbered | Standard
EVM-0013;No;0;Eevee;Neo Premium File 2;Unnumbered;Standard;Japanese;Japanese;1;No;;Released;2000-07-08;"08/07/2000 e 05/08/2000 (due finestre di distribuzione; data ancorata alla prima)";Range;Original tracker;EEV-0013;Audited base + language mapping;"Second audit: 5 was an internal/checklist sequence, not a printed collector number; documented as unnumbered.";https://pokecottage.com/pokemon-master-sets/eevee;https://www.elitefourum.com/t/collectors-guide-to-eevee-cards-in-all-languages/62616;Eevee | Neo Premium File 2 | Unnumbered | Standard
EVM-0014;No;0;Eevee;JR East Pokémon Stamp Rally 2000;Unnumbered;Non-Holo (JR East Stamp Rally);English;English;1;No;;Released;2000-08-01;01/08/2000–20/08/2000 (JR East Pokémon Stamp Rally 2000);Range;Original tracker;EEV-0014;Audited base + language mapping;"English non-holo variant distributed in Japan for the JR East Pokémon Stamp Rally 2000 gold course; based on Wizards Promo Eevee #11 but cataloged as an unnumbered promotional issue.";https://pokecottage.com/pokemon-master-sets/eevee;https://bulbapedia.bulbagarden.net/wiki/Eevee_(Wizards_Promo_11);Eevee | JR East Pokémon Stamp Rally 2000 | Unnumbered | Non-Holo (JR East Stamp Rally)
EVM-0015;No;0;Lt. Surge's Eevee;Gym Challenge;51/132;1st Edition;English;English, French, German, Italian;4;Yes;French, German, Italian;Released;2000-10-16;16/10/2000;Exact;Original tracker;EEV-0015;Audited base + language mapping;;https://pokecottage.com/pokemon-master-sets/eevee;https://www.elitefourum.com/t/collectors-guide-to-eevee-cards-in-all-languages/62616;Lt. Surge's Eevee | Gym Challenge | 51/132 | 1st Edition
EVM-0016;No;0;Lt. Surge's Eevee;Gym Challenge;51/132;Standard;English;English, French, German, Italian;4;Yes;French, German, Italian;Released;2000-10-16;16/10/2000;Exact;Original tracker;EEV-0016;Audited base + language mapping;;https://pokecottage.com/pokemon-master-sets/eevee;https://www.elitefourum.com/t/collectors-guide-to-eevee-cards-in-all-languages/62616;Lt. Surge's Eevee | Gym Challenge | 51/132 | Standard
EVM-0017;No;0;Eevee;Sample Set (e-Reader test sample);Unnumbered;Dotted e-Reader code variant;Japanese;Japanese;1;No;;Prototype;2001-01-01;"2001 — prototype/test e-Reader; non fu una normale uscita retail e non è documentato un giorno esatto";Prototype year;Original tracker;EEV-0426;Audited base + language mapping;"Documented March 2001 e-Reader test sample; never intended for public distribution. Dotted-code physical variation.";https://bulbapedia.bulbagarden.net/wiki/Sample_Set_(TCG);https://bulbapedia.bulbagarden.net/wiki/Eevee_(Sample_Set);Eevee | Sample Set (e-Reader test sample) | Unnumbered | Dotted e-Reader code variant
EVM-0018;No;0;Eevee;Sample Set (e-Reader test sample);Unnumbered;Striped e-Reader code variant;Japanese;Japanese;1;No;;Prototype;2001-01-01;"2001 — prototype/test e-Reader; non fu una normale uscita retail e non è documentato un giorno esatto";Prototype year;Original tracker;EEV-0427;Audited base + language mapping;"Documented March 2001 e-Reader test sample; never intended for public distribution. Striped-code physical variation.";https://bulbapedia.bulbagarden.net/wiki/Sample_Set_(TCG);https://bulbapedia.bulbagarden.net/wiki/Eevee_(Sample_Set);Eevee | Sample Set (e-Reader test sample) | Unnumbered | Striped e-Reader code variant
EVM-0019;No;0;Eevee;Neo Discovery;38/75;1st Edition;English;English, French, German, Italian;4;Yes;French, German, Italian;Released;2001-06-01;01/06/2001;Exact;Original tracker;EEV-0017;Audited base + language mapping;;https://pokecottage.com/pokemon-master-sets/eevee;https://www.elitefourum.com/t/collectors-guide-to-eevee-cards-in-all-languages/62616;Eevee | Neo Discovery | 38/75 | 1st Edition
EVM-0020;No;0;Eevee;Neo Discovery;38/75;Standard;English;English, French, German, Italian;4;Yes;French, German, Italian;Released;2001-06-01;01/06/2001;Exact;Original tracker;EEV-0018;Audited base + language mapping;;https://pokecottage.com/pokemon-master-sets/eevee;https://www.elitefourum.com/t/collectors-guide-to-eevee-cards-in-all-languages/62616;Eevee | Neo Discovery | 38/75 | Standard
EVM-0021;No;0;Eevee;The Town on No Map;058/092;1st Edition;Japanese;Japanese;1;No;;Released;2002-03-08;08/03/2002;Exact;Original tracker;EEV-0019;Audited base + language mapping;;https://pokecottage.com/pokemon-master-sets/eevee;https://www.elitefourum.com/t/collectors-guide-to-eevee-cards-in-all-languages/62616;Eevee | The Town on No Map | 058/092 | 1st Edition
EVM-0022;No;0;Eevee;The Town on No Map;058/092;Standard;Japanese;Japanese;1;No;;Released;2002-03-08;08/03/2002;Exact;Original tracker;EEV-0020;Audited base + language mapping;;https://pokecottage.com/pokemon-master-sets/eevee;https://www.elitefourum.com/t/collectors-guide-to-eevee-cards-in-all-languages/62616;Eevee | The Town on No Map | 058/092 | Standard
EVM-0023;No;0;Eevee;Legendary Collection;74/110;Reverse Holo;English;English;1;No;;Released;2002-05-24;24/05/2002;Exact;Original tracker;EEV-0022;Audited base + language mapping;;https://pokecottage.com/pokemon-master-sets/eevee;https://www.elitefourum.com/t/collectors-guide-to-eevee-cards-in-all-languages/62616;Eevee | Legendary Collection | 74/110 | Reverse Holo
EVM-0024;No;0;Eevee;Legendary Collection;74/110;Standard;English;English;1;No;;Released;2002-05-24;24/05/2002;Exact;Original tracker;EEV-0021;Audited base + language mapping;;https://pokecottage.com/pokemon-master-sets/eevee;https://www.elitefourum.com/t/collectors-guide-to-eevee-cards-in-all-languages/62616;Eevee | Legendary Collection | 74/110 | Standard
EVM-0025;No;0;Eevee;Split Earth;065/088;1st Edition;Japanese;Japanese;1;No;;Released;2002-08-23;23/08/2002;Exact;Original tracker;EEV-0023;Audited base + language mapping;;https://pokecottage.com/pokemon-master-sets/eevee;https://www.elitefourum.com/t/collectors-guide-to-eevee-cards-in-all-languages/62616;Eevee | Split Earth | 065/088 | 1st Edition
EVM-0026;No;0;Eevee;Split Earth;065/088;Standard;Japanese;Japanese;1;No;;Released;2002-08-23;23/08/2002;Exact;Original tracker;EEV-0024;Audited base + language mapping;;https://pokecottage.com/pokemon-master-sets/eevee;https://www.elitefourum.com/t/collectors-guide-to-eevee-cards-in-all-languages/62616;Eevee | Split Earth | 065/088 | Standard
EVM-0027;No;0;Eevee;Aquapolis;75/147;Reverse Holo;English;English, French, German, Italian;4;Yes;French, German, Italian;Released;2003-01-15;15/01/2003;Exact;Original tracker;EEV-0026;Audited base + language mapping;;https://pokecottage.com/pokemon-master-sets/eevee;https://www.elitefourum.com/t/collectors-guide-to-eevee-cards-in-all-languages/62616;Eevee | Aquapolis | 75/147 | Reverse Holo
EVM-0028;No;0;Eevee;Aquapolis;75/147;Standard;English;English, French, German, Italian;4;Yes;French, German, Italian;Released;2003-01-15;15/01/2003;Exact;Original tracker;EEV-0025;Audited base + language mapping;;https://pokecottage.com/pokemon-master-sets/eevee;https://www.elitefourum.com/t/collectors-guide-to-eevee-cards-in-all-languages/62616;Eevee | Aquapolis | 75/147 | Standard
EVM-0029;No;0;Eevee;Skyridge;54/144;Reverse Holo;English;English, German, Italian;3;Yes;German, Italian;Released;2003-05-12;12/05/2003;Exact;Original tracker;EEV-0028;Audited base + language mapping;;https://pokecottage.com/pokemon-master-sets/eevee;https://www.elitefourum.com/t/collectors-guide-to-eevee-cards-in-all-languages/62616;Eevee | Skyridge | 54/144 | Reverse Holo
EVM-0030;No;0;Eevee;Skyridge;54/144;Standard;English;English, German, Italian;3;Yes;German, Italian;Released;2003-05-12;12/05/2003;Exact;Original tracker;EEV-0027;Audited base + language mapping;;https://pokecottage.com/pokemon-master-sets/eevee;https://www.elitefourum.com/t/collectors-guide-to-eevee-cards-in-all-languages/62616;Eevee | Skyridge | 54/144 | Standard
EVM-0031;No;0;Eevee;EX Sandstorm;63/100;Reverse Holo;English;English, French, German, Italian;4;Yes;French, German, Italian;Released;2003-09-18;18/09/2003;Exact;Original tracker;EEV-0032;Audited base + language mapping;;https://pokecottage.com/pokemon-master-sets/eevee;https://www.elitefourum.com/t/collectors-guide-to-eevee-cards-in-all-languages/62616;Eevee | EX Sandstorm | 63/100 | Reverse Holo
EVM-0032;No;0;Eevee;EX Sandstorm;63/100;Standard (FXE-WTF-G7Z);English;English, French, German, Italian;4;Yes;French, German, Italian;Released;2003-09-18;18/09/2003;Exact;Original tracker;EEV-0029;Audited base + language mapping;;https://pokecottage.com/pokemon-master-sets/eevee;https://www.elitefourum.com/t/collectors-guide-to-eevee-cards-in-all-languages/62616;Eevee | EX Sandstorm | 63/100 | Standard (FXE-WTF-G7Z)
EVM-0033;No;0;Eevee;EX Sandstorm;63/100;Standard (FXE-WTF-JPX);English;English, French, German, Italian;4;Yes;French, German, Italian;Released;2003-09-18;18/09/2003;Exact;Original tracker;EEV-0030;Audited base + language mapping;;https://pokecottage.com/pokemon-master-sets/eevee;https://www.elitefourum.com/t/collectors-guide-to-eevee-cards-in-all-languages/62616;Eevee | EX Sandstorm | 63/100 | Standard (FXE-WTF-JPX)
EVM-0034;No;0;Eevee;EX Sandstorm;63/100;Standard (FXE-WTF-TE5);English;English, French, German, Italian;4;Yes;French, German, Italian;Released;2003-09-18;18/09/2003;Exact;Original tracker;EEV-0031;Audited base + language mapping;;https://pokecottage.com/pokemon-master-sets/eevee;https://www.elitefourum.com/t/collectors-guide-to-eevee-cards-in-all-languages/62616;Eevee | EX Sandstorm | 63/100 | Standard (FXE-WTF-TE5)
EVM-0035;No;0;Eevee;Magma VS Aqua: Two Ambitions;054/080;1st Edition;Japanese;Japanese;1;No;;Released;2003-10-24;24/10/2003;Exact;Original tracker;EEV-0034;Audited base + language mapping;;https://pokecottage.com/pokemon-master-sets/eevee;https://www.elitefourum.com/t/collectors-guide-to-eevee-cards-in-all-languages/62616;Eevee | Magma VS Aqua: Two Ambitions | 054/080 | 1st Edition
EVM-0036;No;0;Eevee;Magma VS Aqua: Two Ambitions;054/080;Standard;Japanese;Japanese;1;No;;Released;2003-10-24;24/10/2003;Exact;Original tracker;EEV-0035;Audited base + language mapping;;https://pokecottage.com/pokemon-master-sets/eevee;https://www.elitefourum.com/t/collectors-guide-to-eevee-cards-in-all-languages/62616;Eevee | Magma VS Aqua: Two Ambitions | 054/080 | Standard
EVM-0037;No;0;Eevee;EX Sandstorm;63/100;No e-Reader Logo;English;English, French, German, Italian;4;Yes;French, German, Italian;Released;2004-10-18;"18/10/2004 (EX Battle Stadium Gardevoir Deck; no e-Reader logo)";Exact;Original tracker;EEV-0033;Audited base + language mapping;"EX Battle Stadium deck printing without the e-Reader dot code; documented in English and European-language editions.";https://pokecottage.com/pokemon-master-sets/eevee;https://www.elitefourum.com/t/collectors-guide-to-eevee-cards-in-all-languages/62616;Eevee | EX Sandstorm | 63/100 | No e-Reader Logo
EVM-0038;No;0;Eevee;Golden Sky, Silvery Ocean;079/106;1st Edition (C66);Japanese;Japanese;1;No;;Released;2005-04-08;08/04/2005;Exact;Original tracker;EEV-0037;Audited base + language mapping;;https://pokecottage.com/pokemon-master-sets/eevee;https://www.elitefourum.com/t/collectors-guide-to-eevee-cards-in-all-languages/62616;Eevee | Golden Sky, Silvery Ocean | 079/106 | 1st Edition (C66)
EVM-0039;No;0;Eevee;Golden Sky, Silvery Ocean;079/106;1st Edition (F3X);Japanese;Japanese;1;No;;Released;2005-04-08;08/04/2005;Exact;Original tracker;EEV-0038;Audited base + language mapping;;https://pokecottage.com/pokemon-master-sets/eevee;https://www.elitefourum.com/t/collectors-guide-to-eevee-cards-in-all-languages/62616;Eevee | Golden Sky, Silvery Ocean | 079/106 | 1st Edition (F3X)
EVM-0040;No;0;Eevee;Golden Sky, Silvery Ocean;079/106;1st Edition (NB5);Japanese;Japanese;1;No;;Released;2005-04-08;08/04/2005;Exact;Original tracker;EEV-0039;Audited base + language mapping;;https://pokecottage.com/pokemon-master-sets/eevee;https://www.elitefourum.com/t/collectors-guide-to-eevee-cards-in-all-languages/62616;Eevee | Golden Sky, Silvery Ocean | 079/106 | 1st Edition (NB5)
EVM-0041;No;0;Eevee;Golden Sky, Silvery Ocean;079/106;1st Edition (POP);Japanese;Japanese;1;No;;Released;2005-04-08;08/04/2005;Exact;Original tracker;EEV-0040;Audited base + language mapping;;https://pokecottage.com/pokemon-master-sets/eevee;https://www.elitefourum.com/t/collectors-guide-to-eevee-cards-in-all-languages/62616;Eevee | Golden Sky, Silvery Ocean | 079/106 | 1st Edition (POP)
EVM-0042;No;0;Eevee;Golden Sky, Silvery Ocean;079/106;Standard (C66);Japanese;Japanese;1;No;;Released;2005-04-08;08/04/2005;Exact;Original tracker;EEV-0041;Audited base + language mapping;;https://pokecottage.com/pokemon-master-sets/eevee;https://www.elitefourum.com/t/collectors-guide-to-eevee-cards-in-all-languages/62616;Eevee | Golden Sky, Silvery Ocean | 079/106 | Standard (C66)
EVM-0043;No;0;Eevee;Golden Sky, Silvery Ocean;079/106;Standard (F3X);Japanese;Japanese;1;No;;Released;2005-04-08;08/04/2005;Exact;Original tracker;EEV-0042;Audited base + language mapping;;https://pokecottage.com/pokemon-master-sets/eevee;https://www.elitefourum.com/t/collectors-guide-to-eevee-cards-in-all-languages/62616;Eevee | Golden Sky, Silvery Ocean | 079/106 | Standard (F3X)
EVM-0044;No;0;Eevee;Golden Sky, Silvery Ocean;079/106;Standard (NB5);Japanese;Japanese;1;No;;Released;2005-04-08;08/04/2005;Exact;Original tracker;EEV-0043;Audited base + language mapping;;https://pokecottage.com/pokemon-master-sets/eevee;https://www.elitefourum.com/t/collectors-guide-to-eevee-cards-in-all-languages/62616;Eevee | Golden Sky, Silvery Ocean | 079/106 | Standard (NB5)
EVM-0045;No;0;Eevee;Golden Sky, Silvery Ocean;079/106;Standard (POP);Japanese;Japanese;1;No;;Released;2005-04-08;08/04/2005;Exact;Original tracker;EEV-0044;Audited base + language mapping;;https://pokecottage.com/pokemon-master-sets/eevee;https://www.elitefourum.com/t/collectors-guide-to-eevee-cards-in-all-languages/62616;Eevee | Golden Sky, Silvery Ocean | 079/106 | Standard (POP)
EVM-0046;No;0;Eevee;EX Unseen Forces;55/115;Reverse Holo / Set Stamp;English;English, German, French, Italian, Spanish, Portuguese;6;Yes;German, French, Italian, Spanish, Portuguese;Released;2005-08-22;22/08/2005;Exact;Original tracker;EEV-0048;Audited base + language mapping;"Reverse holo printing carries the set stamp; collapsed from two duplicate tracker slots.";https://pokecottage.com/pokemon-master-sets/eevee;https://www.elitefourum.com/t/collectors-guide-to-eevee-cards-in-all-languages/62616;Eevee | EX Unseen Forces | 55/115 | Reverse Holo / Set Stamp
EVM-0047;No;0;Eevee;EX Unseen Forces;55/115;Standard (X6M-1TY-0F6);English;English, German, French, Italian, Spanish, Portuguese;6;Yes;German, French, Italian, Spanish, Portuguese;Released;2005-08-22;22/08/2005;Exact;Original tracker;EEV-0045;Audited base + language mapping;;https://pokecottage.com/pokemon-master-sets/eevee;https://www.elitefourum.com/t/collectors-guide-to-eevee-cards-in-all-languages/62616;Eevee | EX Unseen Forces | 55/115 | Standard (X6M-1TY-0F6)
EVM-0048;No;0;Eevee;EX Unseen Forces;55/115;Standard (X6M-1TY-9G3);English;English, German, French, Italian, Spanish, Portuguese;6;Yes;German, French, Italian, Spanish, Portuguese;Released;2005-08-22;22/08/2005;Exact;Original tracker;EEV-0046;Audited base + language mapping;;https://pokecottage.com/pokemon-master-sets/eevee;https://www.elitefourum.com/t/collectors-guide-to-eevee-cards-in-all-languages/62616;Eevee | EX Unseen Forces | 55/115 | Standard (X6M-1TY-9G3)
EVM-0049;No;0;Eevee;EX Unseen Forces;55/115;Standard (X6M-1TY-LPX);English;English, German, French, Italian, Spanish, Portuguese;6;Yes;German, French, Italian, Spanish, Portuguese;Released;2005-08-22;22/08/2005;Exact;Original tracker;EEV-0047;Audited base + language mapping;;https://pokecottage.com/pokemon-master-sets/eevee;https://www.elitefourum.com/t/collectors-guide-to-eevee-cards-in-all-languages/62616;Eevee | EX Unseen Forces | 55/115 | Standard (X6M-1TY-LPX)
EVM-0050;No;0;Eevee;Holon Research Tower: Fire Quarter Deck;007/015;Reverse Holo;Japanese;Japanese;1;No;;Released;2005-09-30;"30/09/2005 e 07/10/2005 (uscite dei Quarter Deck; data ancorata alla prima)";Range;Original tracker;EEV-0050;Audited base + language mapping;;https://pokecottage.com/pokemon-master-sets/eevee;https://bulbapedia.bulbagarden.net/wiki/Eevee_(EX_Delta_Species_69);Eevee | Holon Research Tower: Fire Quarter Deck | 007/015 | Reverse Holo
EVM-0051;No;0;Eevee;Holon Research Tower: Fire Quarter Deck;007/015;Standard;Japanese;Japanese;1;No;;Released;2005-09-30;"30/09/2005 e 07/10/2005 (uscite dei Quarter Deck; data ancorata alla prima)";Range;Original tracker;EEV-0051;Audited base + language mapping;;https://pokecottage.com/pokemon-master-sets/eevee;https://bulbapedia.bulbagarden.net/wiki/Eevee_(EX_Delta_Species_69);Eevee | Holon Research Tower: Fire Quarter Deck | 007/015 | Standard
EVM-0052;No;0;Eevee;Holon Research Tower: Lightning Quarter Deck;007/015;Reverse Holo;Japanese;Japanese;1;No;;Released;2005-09-30;"30/09/2005 e 07/10/2005 (uscite dei Quarter Deck; data ancorata alla prima)";Range;Original tracker;EEV-0052;Audited base + language mapping;;https://pokecottage.com/pokemon-master-sets/eevee;https://bulbapedia.bulbagarden.net/wiki/Eevee_(EX_Delta_Species_69);Eevee | Holon Research Tower: Lightning Quarter Deck | 007/015 | Reverse Holo
EVM-0053;No;0;Eevee;Holon Research Tower: Lightning Quarter Deck;007/015;Standard;Japanese;Japanese;1;No;;Released;2005-09-30;"30/09/2005 e 07/10/2005 (uscite dei Quarter Deck; data ancorata alla prima)";Range;Original tracker;EEV-0053;Audited base + language mapping;;https://pokecottage.com/pokemon-master-sets/eevee;https://bulbapedia.bulbagarden.net/wiki/Eevee_(EX_Delta_Species_69);Eevee | Holon Research Tower: Lightning Quarter Deck | 007/015 | Standard
EVM-0054;No;0;Eevee;Holon Research Tower: Water Quarter Deck;007/015;Reverse Holo;Japanese;Japanese;1;No;;Released;2005-09-30;"30/09/2005 e 07/10/2005 (uscite dei Quarter Deck; data ancorata alla prima)";Range;Original tracker;EEV-0054;Audited base + language mapping;;https://pokecottage.com/pokemon-master-sets/eevee;https://bulbapedia.bulbagarden.net/wiki/Eevee_(EX_Delta_Species_69);Eevee | Holon Research Tower: Water Quarter Deck | 007/015 | Reverse Holo
EVM-0055;No;0;Eevee;Holon Research Tower: Water Quarter Deck;007/015;Standard;Japanese;Japanese;1;No;;Released;2005-09-30;"30/09/2005 e 07/10/2005 (uscite dei Quarter Deck; data ancorata alla prima)";Range;Original tracker;EEV-0055;Audited base + language mapping;;https://pokecottage.com/pokemon-master-sets/eevee;https://bulbapedia.bulbagarden.net/wiki/Eevee_(EX_Delta_Species_69);Eevee | Holon Research Tower: Water Quarter Deck | 007/015 | Standard
EVM-0056;No;0;Eevee;PCG-P Promos;111/PCG-P;Meiji;Japanese;Japanese;1;No;;Released;2005-10-17;17/10/2005 (promo Meiji);Exact;Original tracker;EEV-0036;Audited base + language mapping;;https://pokecottage.com/pokemon-master-sets/eevee;https://www.elitefourum.com/t/collectors-guide-to-eevee-cards-in-all-languages/62616;Eevee | PCG-P Promos | 111/PCG-P | Meiji
EVM-0057;No;0;Eevee ?;Holon Research Tower;073/086;1st Edition;Japanese;Japanese;1;No;;Released;2005-10-28;28/10/2005;Exact;Original tracker;EEV-0056;Audited base + language mapping;;https://pokecottage.com/pokemon-master-sets/eevee;https://www.elitefourum.com/t/collectors-guide-to-eevee-cards-in-all-languages/62616;Eevee ? | Holon Research Tower | 073/086 | 1st Edition
EVM-0058;No;0;Eevee ?;Holon Research Tower;073/086;Standard;Japanese;Japanese;1;No;;Released;2005-10-28;28/10/2005;Exact;Original tracker;EEV-0057;Audited base + language mapping;;https://pokecottage.com/pokemon-master-sets/eevee;https://www.elitefourum.com/t/collectors-guide-to-eevee-cards-in-all-languages/62616;Eevee ? | Holon Research Tower | 073/086 | Standard
EVM-0059;No;0;Eevee ?;EX Delta Species;68/113;Reverse Holo / Set Stamp;English;English, German, French, Italian;4;Yes;German, French, Italian;Released;2005-10-31;31/10/2005;Exact;Original tracker;EEV-0061;Audited base + language mapping;;https://pokecottage.com/pokemon-master-sets/eevee;https://www.elitefourum.com/t/collectors-guide-to-eevee-cards-in-all-languages/62616;Eevee ? | EX Delta Species | 68/113 | Reverse Holo / Set Stamp
EVM-0060;No;0;Eevee ?;EX Delta Species;68/113;Standard (HD5-CHX-3D3);English;English, German, French, Italian;4;Yes;German, French, Italian;Released;2005-10-31;31/10/2005;Exact;Original tracker;EEV-0058;Audited base + language mapping;;https://pokecottage.com/pokemon-master-sets/eevee;https://www.elitefourum.com/t/collectors-guide-to-eevee-cards-in-all-languages/62616;Eevee ? | EX Delta Species | 68/113 | Standard (HD5-CHX-3D3)
EVM-0061;No;0;Eevee ?;EX Delta Species;68/113;Standard (HD5-CHX-5RG);English;English, German, French, Italian;4;Yes;German, French, Italian;Released;2005-10-31;31/10/2005;Exact;Original tracker;EEV-0059;Audited base + language mapping;;https://pokecottage.com/pokemon-master-sets/eevee;https://www.elitefourum.com/t/collectors-guide-to-eevee-cards-in-all-languages/62616;Eevee ? | EX Delta Species | 68/113 | Standard (HD5-CHX-5RG)
EVM-0062;No;0;Eevee ?;EX Delta Species;68/113;Standard (HD5-CHX-L0B);English;English, German, French, Italian;4;Yes;German, French, Italian;Released;2005-10-31;31/10/2005;Exact;Original tracker;EEV-0060;Audited base + language mapping;;https://pokecottage.com/pokemon-master-sets/eevee;https://www.elitefourum.com/t/collectors-guide-to-eevee-cards-in-all-languages/62616;Eevee ? | EX Delta Species | 68/113 | Standard (HD5-CHX-L0B)
EVM-0063;No;0;Eevee;EX Delta Species;69/113;Reverse Holo / Set Stamp;English;English, German, French, Italian;4;Yes;German, French, Italian;Released;2005-10-31;31/10/2005;Exact;Original tracker;EEV-0066;Audited base + language mapping;;https://pokecottage.com/pokemon-master-sets/eevee;https://www.elitefourum.com/t/collectors-guide-to-eevee-cards-in-all-languages/62616;Eevee | EX Delta Species | 69/113 | Reverse Holo / Set Stamp
EVM-0064;No;0;Eevee;EX Delta Species;69/113;Standard (YYG-GGA-3NZ);English;English, German, French, Italian;4;Yes;German, French, Italian;Released;2005-10-31;31/10/2005;Exact;Original tracker;EEV-0063;Audited base + language mapping;;https://pokecottage.com/pokemon-master-sets/eevee;https://www.elitefourum.com/t/collectors-guide-to-eevee-cards-in-all-languages/62616;Eevee | EX Delta Species | 69/113 | Standard (YYG-GGA-3NZ)
EVM-0065;No;0;Eevee;EX Delta Species;69/113;Standard (YYG-GGA-ARG);English;English, German, French, Italian;4;Yes;German, French, Italian;Released;2005-10-31;31/10/2005;Exact;Original tracker;EEV-0064;Audited base + language mapping;;https://pokecottage.com/pokemon-master-sets/eevee;https://www.elitefourum.com/t/collectors-guide-to-eevee-cards-in-all-languages/62616;Eevee | EX Delta Species | 69/113 | Standard (YYG-GGA-ARG)
EVM-0066;No;0;Eevee;EX Delta Species;69/113;Standard (YYG-GGA-HD3);English;English, German, French, Italian;4;Yes;German, French, Italian;Released;2005-10-31;31/10/2005;Exact;Original tracker;EEV-0065;Audited base + language mapping;;https://pokecottage.com/pokemon-master-sets/eevee;https://www.elitefourum.com/t/collectors-guide-to-eevee-cards-in-all-languages/62616;Eevee | EX Delta Species | 69/113 | Standard (YYG-GGA-HD3)
EVM-0067;No;0;Eevee;POP Series 3;13/17;Standard;English;English, German, French, Italian, Spanish, Portuguese;6;Yes;German, French, Italian, Spanish, Portuguese;Released;2006-04-01;"Aprile–agosto 2006 (POP Series 3; data ancorata ad aprile)";Range;Original tracker;EEV-0069;Audited base + language mapping;;https://pokecottage.com/pokemon-master-sets/eevee;https://www.elitefourum.com/t/collectors-guide-to-eevee-cards-in-all-languages/62616;Eevee | POP Series 3 | 13/17 | Standard
EVM-0068;No;0;Eevee;EX Delta Species;69/113;World Championships Deck 2006: Eeveelutions by Jimmy Ballard;English;English;1;No;;Released;2006-10-31;31/10/2006 (World Championships 2006: Eeveelutions by Jimmy Ballard);Exact;Original tracker;EEV-0068;Audited base + language mapping;;https://pokecottage.com/pokemon-master-sets/eevee;https://www.elitefourum.com/t/collectors-guide-to-eevee-cards-in-all-languages/62616;Eevee | EX Delta Species | 69/113 | World Championships Deck 2006: Eeveelutions by Jimmy Ballard
EVM-0069;No;0;Eevee;Moonlit Pursuit / Dawn Dash;DPBP#157;1st Edition;Japanese;Japanese;1;No;;Released;2007-10-26;26/10/2007;Exact;Original tracker;EEV-0072;Audited base + language mapping;;https://pokecottage.com/pokemon-master-sets/eevee;https://www.elitefourum.com/t/collectors-guide-to-eevee-cards-in-all-languages/62616;Eevee | Moonlit Pursuit / Dawn Dash | DPBP#157 | 1st Edition
EVM-0070;No;0;Eevee;Moonlit Pursuit / Dawn Dash;DPBP#157;Standard;Japanese;Japanese;1;No;;Released;2007-10-26;26/10/2007;Exact;Original tracker;EEV-0073;Audited base + language mapping;;https://pokecottage.com/pokemon-master-sets/eevee;https://www.elitefourum.com/t/collectors-guide-to-eevee-cards-in-all-languages/62616;Eevee | Moonlit Pursuit / Dawn Dash | DPBP#157 | Standard
EVM-0071;No;0;Eevee;Diamond & Pearl Promos;063/DP-P;Holo;Japanese;Japanese;1;No;;Released;2007-11-04;04/11/2007 (063/DP-P promo);Exact;Original tracker;EEV-0070;Audited base + language mapping;;https://pokecottage.com/pokemon-master-sets/eevee;https://www.elitefourum.com/t/collectors-guide-to-eevee-cards-in-all-languages/62616;Eevee | Diamond & Pearl Promos | 063/DP-P | Holo
EVM-0072;No;0;Eevee ?;EX Delta Species;68/113;World Championships 2007 (Jun Hasebe);English;English;1;No;;Released;2007-11-19;19/11/2007 (World Championships 2007 deck, Jun Hasebe);Exact;Original tracker;EEV-0062;Audited base + language mapping;;https://pokecottage.com/pokemon-master-sets/eevee;https://www.elitefourum.com/t/collectors-guide-to-eevee-cards-in-all-languages/62616;Eevee ? | EX Delta Species | 68/113 | World Championships 2007 (Jun Hasebe)
EVM-0073;No;0;Eevee;EX Delta Species;69/113;World Championships 2007 (Tom Roos);English;English;1;No;;Released;2007-11-19;19/11/2007 (World Championships 2007 deck, Tom Roos);Exact;Original tracker;EEV-0067;Audited base + language mapping;;https://pokecottage.com/pokemon-master-sets/eevee;https://www.elitefourum.com/t/collectors-guide-to-eevee-cards-in-all-languages/62616;Eevee | EX Delta Species | 69/113 | World Championships 2007 (Tom Roos)
EVM-0074;No;0;Eevee;Diamond & Pearl Promos;067/DP-P;Holo;Japanese;Japanese;1;No;;Released;2007-11-22;"22/11/2007–20/12/2007 (067/DP-P promo; data ancorata all'inizio)";Range;Original tracker;EEV-0071;Audited base + language mapping;;https://pokecottage.com/pokemon-master-sets/eevee;https://www.elitefourum.com/t/collectors-guide-to-eevee-cards-in-all-languages/62616;Eevee | Diamond & Pearl Promos | 067/DP-P | Holo
EVM-0075;No;0;Eevee;Majestic Dawn;62/100;Reverse Holo;English;English, French, German, Italian;4;Yes;French, German, Italian;Released;2008-05-21;21/05/2008;Exact;Original tracker;EEV-0075;Audited base + language mapping;;https://pokecottage.com/pokemon-master-sets/eevee;https://www.elitefourum.com/t/collectors-guide-to-eevee-cards-in-all-languages/62616;Eevee | Majestic Dawn | 62/100 | Reverse Holo
EVM-0076;No;0;Eevee;Majestic Dawn;62/100;Standard;English;English, French, German, Italian;4;Yes;French, German, Italian;Released;2008-05-21;21/05/2008;Exact;Original tracker;EEV-0074;Audited base + language mapping;;https://pokecottage.com/pokemon-master-sets/eevee;https://www.elitefourum.com/t/collectors-guide-to-eevee-cards-in-all-languages/62616;Eevee | Majestic Dawn | 62/100 | Standard
EVM-0077;No;0;Eevee;Majestic Dawn;63/100;Reverse Holo;English;English, French, German, Italian;4;Yes;French, German, Italian;Released;2008-05-21;21/05/2008;Exact;Original tracker;EEV-0078;Audited base + language mapping;;https://pokecottage.com/pokemon-master-sets/eevee;https://www.elitefourum.com/t/collectors-guide-to-eevee-cards-in-all-languages/62616;Eevee | Majestic Dawn | 63/100 | Reverse Holo
EVM-0078;No;0;Eevee;Majestic Dawn;63/100;Standard;English;English, French, German, Italian;4;Yes;French, German, Italian;Released;2008-05-21;21/05/2008;Exact;Original tracker;EEV-0077;Audited base + language mapping;;https://pokecottage.com/pokemon-master-sets/eevee;https://www.elitefourum.com/t/collectors-guide-to-eevee-cards-in-all-languages/62616;Eevee | Majestic Dawn | 63/100 | Standard
EVM-0079;No;0;Eevee;Bonds to the End of Time;068/090;1st Edition;Japanese;Japanese;1;No;;Released;2008-12-26;26/12/2008;Exact;Original tracker;EEV-0079;Audited base + language mapping;;https://pokecottage.com/pokemon-master-sets/eevee;https://www.elitefourum.com/t/collectors-guide-to-eevee-cards-in-all-languages/62616;Eevee | Bonds to the End of Time | 068/090 | 1st Edition
EVM-0080;No;0;Eevee;Bonds to the End of Time;068/090;Standard;Japanese;Japanese;1;No;;Released;2008-12-26;26/12/2008;Exact;Original tracker;EEV-0080;Audited base + language mapping;;https://pokecottage.com/pokemon-master-sets/eevee;https://www.elitefourum.com/t/collectors-guide-to-eevee-cards-in-all-languages/62616;Eevee | Bonds to the End of Time | 068/090 | Standard
EVM-0081;No;0;Eevee;Shaymin LV.X Collection Pack;011/012;Standard;Japanese;Japanese;1;No;;Released;2009-04-18;18/04/2009;Exact;Original tracker;EEV-0081;Audited base + language mapping;;https://pokecottage.com/pokemon-master-sets/eevee;https://bulbapedia.bulbagarden.net/wiki/Shaymin_LV.X_Collection_Pack_(TCG);Eevee | Shaymin LV.X Collection Pack | 011/012 | Standard
EVM-0082;No;0;Eevee;Rising Rivals;59/111;Reverse Holo;English;English, French, German, Italian;4;Yes;French, German, Italian;Released;2009-05-16;16/05/2009;Exact;Original tracker;EEV-0083;Audited base + language mapping;;https://pokecottage.com/pokemon-master-sets/eevee;https://www.elitefourum.com/t/collectors-guide-to-eevee-cards-in-all-languages/62616;Eevee | Rising Rivals | 59/111 | Reverse Holo
EVM-0083;No;0;Eevee;Rising Rivals;59/111;Standard;English;English, French, German, Italian;4;Yes;French, German, Italian;Released;2009-05-16;16/05/2009;Exact;Original tracker;EEV-0082;Audited base + language mapping;;https://pokecottage.com/pokemon-master-sets/eevee;https://www.elitefourum.com/t/collectors-guide-to-eevee-cards-in-all-languages/62616;Eevee | Rising Rivals | 59/111 | Standard
EVM-0084;No;0;Eevee;Majestic Dawn;62/100;Burger King;English;English;1;No;;Released;2009-06-01;Giugno 2009 (Burger King special print);Month;Original tracker;EEV-0076;Audited base + language mapping;;https://pokecottage.com/pokemon-master-sets/eevee;https://www.elitefourum.com/t/collectors-guide-to-eevee-cards-in-all-languages/62616;Eevee | Majestic Dawn | 62/100 | Burger King
EVM-0085;No;0;Eevee;Melee! Pokémon Scramble;019/016;Pokémon Daisuki Club;Japanese;Japanese;1;No;;Released;2009-07-10;10/07/2009;Exact;Original tracker;EEV-0089;Audited base + language mapping;;https://pokecottage.com/pokemon-master-sets/eevee;https://www.elitefourum.com/t/collectors-guide-to-eevee-cards-in-all-languages/62616;Eevee | Melee! Pokémon Scramble | 019/016 | Pokémon Daisuki Club
EVM-0086;No;0;Eevee;Leafeon vs Metagross Expert Deck: Leafeon Deck;007/015;Leafeon Deck;Japanese;Japanese;1;No;;Released;2009-11-20;20/11/2009;Exact;Original tracker;EEV-0084;Audited base + language mapping;;https://pokecottage.com/pokemon-master-sets/eevee;https://www.elitefourum.com/t/collectors-guide-to-eevee-cards-in-all-languages/62616;Eevee | Leafeon vs Metagross Expert Deck: Leafeon Deck | 007/015 | Leafeon Deck
EVM-0087;No;0;Eevee;Reviving Legends;058/080;1st Edition;Japanese;Japanese;1;No;;Released;2010-02-11;11/02/2010;Exact;Original tracker;EEV-0085;Audited base + language mapping;;https://pokecottage.com/pokemon-master-sets/eevee;https://www.elitefourum.com/t/collectors-guide-to-eevee-cards-in-all-languages/62616;Eevee | Reviving Legends | 058/080 | 1st Edition
EVM-0088;No;0;Eevee;Reviving Legends;058/080;1st Edition (Reverse Holo);Japanese;Japanese;1;No;;Released;2010-02-11;11/02/2010;Exact;Original tracker;EEV-0086;Audited base + language mapping;;https://pokecottage.com/pokemon-master-sets/eevee;https://www.elitefourum.com/t/collectors-guide-to-eevee-cards-in-all-languages/62616;Eevee | Reviving Legends | 058/080 | 1st Edition (Reverse Holo)
EVM-0089;No;0;Eevee;Reviving Legends;058/080;Reverse Holo;Japanese;Japanese;1;No;;Released;2010-02-11;11/02/2010;Exact;Original tracker;EEV-0088;Audited base + language mapping;;https://pokecottage.com/pokemon-master-sets/eevee;https://www.elitefourum.com/t/collectors-guide-to-eevee-cards-in-all-languages/62616;Eevee | Reviving Legends | 058/080 | Reverse Holo
EVM-0090;No;0;Eevee;Reviving Legends;058/080;Standard;Japanese;Japanese;1;No;;Released;2010-02-11;11/02/2010;Exact;Original tracker;EEV-0087;Audited base + language mapping;;https://pokecottage.com/pokemon-master-sets/eevee;https://www.elitefourum.com/t/collectors-guide-to-eevee-cards-in-all-languages/62616;Eevee | Reviving Legends | 058/080 | Standard
EVM-0091;No;0;Eevee;Undaunted;47/90;Reverse Holo;English;English, French, German, Italian;4;Yes;French, German, Italian;Released;2010-08-18;18/08/2010;Exact;Original tracker;EEV-0091;Audited base + language mapping;;https://pokecottage.com/pokemon-master-sets/eevee;https://www.elitefourum.com/t/collectors-guide-to-eevee-cards-in-all-languages/62616;Eevee | Undaunted | 47/90 | Reverse Holo
EVM-0092;No;0;Eevee;Undaunted;47/90;Standard;English;English, French, German, Italian;4;Yes;French, German, Italian;Released;2010-08-18;18/08/2010;Exact;Original tracker;EEV-0090;Audited base + language mapping;;https://pokecottage.com/pokemon-master-sets/eevee;https://www.elitefourum.com/t/collectors-guide-to-eevee-cards-in-all-languages/62616;Eevee | Undaunted | 47/90 | Standard
EVM-0093;No;0;Eevee;Undaunted;48/90;Reverse Holo;English;English, French, German, Italian;4;Yes;French, German, Italian;Released;2010-08-18;18/08/2010;Exact;Original tracker;EEV-0093;Audited base + language mapping;;https://pokecottage.com/pokemon-master-sets/eevee;https://www.elitefourum.com/t/collectors-guide-to-eevee-cards-in-all-languages/62616;Eevee | Undaunted | 48/90 | Reverse Holo
EVM-0094;No;0;Eevee;Undaunted;48/90;Standard;English;English, French, German, Italian;4;Yes;French, German, Italian;Released;2010-08-18;18/08/2010;Exact;Original tracker;EEV-0092;Audited base + language mapping;;https://pokecottage.com/pokemon-master-sets/eevee;https://www.elitefourum.com/t/collectors-guide-to-eevee-cards-in-all-languages/62616;Eevee | Undaunted | 48/90 | Standard
EVM-0095;No;0;Eevee;Mystical Seven;32/40;Standard;Korean;Korean;1;No;;Released;2010-10-14;14/10/2010;Exact;Global expansion;;Regional/global addition;Korean-exclusive set numbering.;https://www.elitefourum.com/t/collectors-guide-to-eevee-cards-in-all-languages/62616;;Eevee | Mystical Seven | 32/40 | Standard
EVM-0096;No;0;Eevee;Korea Battle Zone participation prize;013;Black Star Promo;Korean;Korean;1;No;;Released;2010-12-04;04–12/12/2010;Range;Global expansion;;Regional/global addition;;https://www.elitefourum.com/t/collectors-guide-to-eevee-cards-in-all-languages/62616;;Eevee | Korea Battle Zone participation prize | 013 | Black Star Promo
EVM-0097;No;0;Eevee;Call of Legends;56/95;Reverse Holo;English;English, French, German, Italian;4;Yes;French, German, Italian;Released;2011-02-09;09/02/2011;Exact;Original tracker;EEV-0098;Audited base + language mapping;;https://pokecottage.com/pokemon-master-sets/eevee;https://www.elitefourum.com/t/collectors-guide-to-eevee-cards-in-all-languages/62616;Eevee | Call of Legends | 56/95 | Reverse Holo
EVM-0098;No;0;Eevee;Call of Legends;56/95;Standard;English;English, French, German, Italian;4;Yes;French, German, Italian;Released;2011-02-09;09/02/2011;Exact;Original tracker;EEV-0097;Audited base + language mapping;;https://pokecottage.com/pokemon-master-sets/eevee;https://www.elitefourum.com/t/collectors-guide-to-eevee-cards-in-all-languages/62616;Eevee | Call of Legends | 56/95 | Standard
EVM-0099;No;0;Eevee;Reshiram EX Battle Strength Deck;010/018;Reshiram EX Battle Strength Deck;Japanese;Japanese, Korean;2;Yes;Korean;Released;2011-10-21;21/10/2011;Exact;Original tracker;EEV-0099;Audited base + language mapping;;https://pokecottage.com/pokemon-master-sets/eevee;https://www.elitefourum.com/t/collectors-guide-to-eevee-cards-in-all-languages/62616;Eevee | Reshiram EX Battle Strength Deck | 010/018 | Reshiram EX Battle Strength Deck
EVM-0100;No;0;Eevee;Zekrom EX Battle Strength Deck;010/018;Zekrom EX Battle Strength Deck;Japanese;Japanese, Korean;2;Yes;Korean;Released;2011-10-21;21/10/2011;Exact;Original tracker;EEV-0100;Audited base + language mapping;;https://pokecottage.com/pokemon-master-sets/eevee;https://www.elitefourum.com/t/collectors-guide-to-eevee-cards-in-all-languages/62616;Eevee | Zekrom EX Battle Strength Deck | 010/018 | Zekrom EX Battle Strength Deck
EVM-0101;No;0;Eevee;Dark Rush;058/069;1st Edition;Japanese;Japanese;1;No;;Released;2011-12-16;16/12/2011;Exact;Original tracker;EEV-0101;Audited base + language mapping;;https://pokecottage.com/pokemon-master-sets/eevee;https://www.elitefourum.com/t/collectors-guide-to-eevee-cards-in-all-languages/62616;Eevee | Dark Rush | 058/069 | 1st Edition
EVM-0102;No;0;Eevee;Dark Rush;058/069;Standard;Korean;Korean;1;No;;Released;2012-01-01;2011–2012;Approximate;Global expansion;;Regional/global addition;"Korean unlimited/standard printing; Japanese counterpart is 1st Edition only in the guide.";https://www.elitefourum.com/t/collectors-guide-to-eevee-cards-in-all-languages/62616;;Eevee | Dark Rush | 058/069 | Standard
EVM-0103;No;0;Eevee;Dark Explorers;83/108;Reverse Holo;English;English, German, French, Italian;4;Yes;German, French, Italian;Released;2012-05-09;09/05/2012;Exact;Original tracker;EEV-0103;Audited base + language mapping;;https://pokecottage.com/pokemon-master-sets/eevee;https://www.elitefourum.com/t/collectors-guide-to-eevee-cards-in-all-languages/62616;Eevee | Dark Explorers | 83/108 | Reverse Holo
EVM-0104;No;0;Eevee;Dark Explorers;83/108;Standard;English;English, German, French, Italian, Portuguese;5;Yes;German, French, Italian, Portuguese;Released;2012-05-09;09/05/2012;Exact;Original tracker;EEV-0102;Audited base + language mapping;;https://pokecottage.com/pokemon-master-sets/eevee;https://www.elitefourum.com/t/collectors-guide-to-eevee-cards-in-all-languages/62616;Eevee | Dark Explorers | 83/108 | Standard
EVM-0105;No;0;Eevee;Dark Explorers;84/108;Reverse Holo;English;English, German, French, Italian;4;Yes;German, French, Italian;Released;2012-05-09;09/05/2012;Exact;Original tracker;EEV-0105;Audited base + language mapping;;https://pokecottage.com/pokemon-master-sets/eevee;https://www.elitefourum.com/t/collectors-guide-to-eevee-cards-in-all-languages/62616;Eevee | Dark Explorers | 84/108 | Reverse Holo
EVM-0106;No;0;Eevee;Dark Explorers;84/108;Standard;English;English, German, French, Italian, Portuguese;5;Yes;German, French, Italian, Portuguese;Released;2012-05-09;09/05/2012;Exact;Original tracker;EEV-0104;Audited base + language mapping;;https://pokecottage.com/pokemon-master-sets/eevee;https://www.elitefourum.com/t/collectors-guide-to-eevee-cards-in-all-languages/62616;Eevee | Dark Explorers | 84/108 | Standard
EVM-0107;No;0;Eevee;Dark Explorers;84/108;City Championships;English;English;1;No;;Released;2012-08-10;10/08/2012–12/08/2012 (City Championships 2012–2013 promo);Range;Original tracker;EEV-0106;Audited base + language mapping;;https://pokecottage.com/pokemon-master-sets/eevee;https://www.elitefourum.com/t/collectors-guide-to-eevee-cards-in-all-languages/62616;Eevee | Dark Explorers | 84/108 | City Championships
EVM-0108;No;0;Eevee;Dark Explorers;84/108;City Championships (Staff);English;English;1;No;;Released;2012-08-10;10/08/2012–12/08/2012 (City Championships 2012–2013 Staff promo);Range;Original tracker;EEV-0107;Audited base + language mapping;;https://pokecottage.com/pokemon-master-sets/eevee;https://www.elitefourum.com/t/collectors-guide-to-eevee-cards-in-all-languages/62616;Eevee | Dark Explorers | 84/108 | City Championships (Staff)
EVM-0109;No;0;Eevee;Black & White Promos;189/BW-P;Holo;Japanese;Japanese;1;No;;Released;2012-11-23;23/11/2012 (189/BW-P);Exact;Original tracker;EEV-0094;Audited base + language mapping;;https://pokecottage.com/pokemon-master-sets/eevee;https://www.elitefourum.com/t/collectors-guide-to-eevee-cards-in-all-languages/62616;Eevee | Black & White Promos | 189/BW-P | Holo
EVM-0110;No;0;Pokémon Center;BW-P Promos;190/BW-P;Promo;Japanese;Japanese;1;No;;Released;2012-12-14;14/12/2012 (promozione booster Spiral Force / Thunder Knuckle);Exact;Original tracker;EEV-0108;Audited base + language mapping;;https://pokecottage.com/pokemon-master-sets/eevee;https://www.elitefourum.com/t/collectors-guide-to-eevee-cards-in-all-languages/62616;Pokémon Center | BW-P Promos | 190/BW-P | Promo
EVM-0111;No;0;Eevee;Spiral Force;042/051;1st Edition;Japanese;Japanese;1;No;;Released;2012-12-14;14/12/2012;Exact;Original tracker;EEV-0109;Audited base + language mapping;;https://pokecottage.com/pokemon-master-sets/eevee;https://www.elitefourum.com/t/collectors-guide-to-eevee-cards-in-all-languages/62616;Eevee | Spiral Force | 042/051 | 1st Edition
EVM-0112;No;0;Eevee;Thunder Knuckle;042/051;1st Edition;Japanese;Japanese;1;No;;Released;2012-12-14;14/12/2012;Exact;Original tracker;EEV-0110;Audited base + language mapping;;https://pokecottage.com/pokemon-master-sets/eevee;https://www.elitefourum.com/t/collectors-guide-to-eevee-cards-in-all-languages/62616;Eevee | Thunder Knuckle | 042/051 | 1st Edition
EVM-0113;No;0;Eevee;Thunder Knuckle;042/051;Standard;Japanese;Japanese, Korean;2;Yes;Korean;Released;2012-12-14;14/12/2012;Exact;Original tracker;EEV-0111;Audited base + language mapping;;https://pokecottage.com/pokemon-master-sets/eevee;https://www.elitefourum.com/t/collectors-guide-to-eevee-cards-in-all-languages/62616;Eevee | Thunder Knuckle | 042/051 | Standard
EVM-0114;No;0;Eevee;Pokémon Town 2013;JUMBO BW;Jumbo promo;Korean;Korean;1;No;;Released;2013-01-01;2013;Year;Global expansion;;Regional/global addition;;https://www.elitefourum.com/t/collectors-guide-to-eevee-cards-in-all-languages/62616;;Eevee | Pokémon Town 2013 | JUMBO BW | Jumbo promo
EVM-0115;No;0;Eevee;Spiral Force;042/051;Standard;Korean;Korean;1;No;;Released;2013-01-01;2012–2013;Approximate;Global expansion;;Regional/global addition;"Korean standard printing; Japanese counterpart is 1st Edition.";https://www.elitefourum.com/t/collectors-guide-to-eevee-cards-in-all-languages/62616;;Eevee | Spiral Force | 042/051 | Standard
EVM-0116;No;0;Eevee;Shiny Collection;014/020;1st Edition;Japanese;Japanese, Korean;2;Yes;Korean;Released;2013-02-01;01/02/2013;Exact;Original tracker;EEV-0112;Audited base + language mapping;;https://pokecottage.com/pokemon-master-sets/eevee;https://www.elitefourum.com/t/collectors-guide-to-eevee-cards-in-all-languages/62616;Eevee | Shiny Collection | 014/020 | 1st Edition
EVM-0117;No;0;Eevee;Black & White Promos;213/BW-P;Gym Challenge Pack;Japanese;Japanese;1;No;;Released;2013-04-01;"Aprile 2013 (213/BW-P Gym Challenge Pack; giorno esatto non documentato)";Month;Original tracker;EEV-0095;Audited base + language mapping;;https://pokecottage.com/pokemon-master-sets/eevee;https://www.elitefourum.com/t/collectors-guide-to-eevee-cards-in-all-languages/62616;Eevee | Black & White Promos | 213/BW-P | Gym Challenge Pack
EVM-0118;No;0;Eevee;Plasma Freeze;89/116;Reverse Holo;English;English, French, German, Italian, Spanish;5;Yes;French, German, Italian, Spanish;Released;2013-05-08;08/05/2013;Exact;Original tracker;EEV-0114;Audited base + language mapping;;https://pokecottage.com/pokemon-master-sets/eevee;https://www.elitefourum.com/t/collectors-guide-to-eevee-cards-in-all-languages/62616;Eevee | Plasma Freeze | 89/116 | Reverse Holo
EVM-0119;No;0;Eevee;Plasma Freeze;89/116;Standard;English;English, French, German, Italian, Spanish, Portuguese;6;Yes;French, German, Italian, Spanish, Portuguese;Released;2013-05-08;08/05/2013;Exact;Original tracker;EEV-0113;Audited base + language mapping;;https://pokecottage.com/pokemon-master-sets/eevee;https://www.elitefourum.com/t/collectors-guide-to-eevee-cards-in-all-languages/62616;Eevee | Plasma Freeze | 89/116 | Standard
EVM-0120;No;0;Eevee;Plasma Freeze;90/116;Reverse Holo;English;English, French, German, Italian, Spanish;5;Yes;French, German, Italian, Spanish;Released;2013-05-08;08/05/2013;Exact;Original tracker;EEV-0116;Audited base + language mapping;;https://pokecottage.com/pokemon-master-sets/eevee;https://www.elitefourum.com/t/collectors-guide-to-eevee-cards-in-all-languages/62616;Eevee | Plasma Freeze | 90/116 | Reverse Holo
EVM-0121;No;0;Eevee;Plasma Freeze;90/116;Standard;English;English, French, German, Italian, Spanish, Portuguese;6;Yes;French, German, Italian, Spanish, Portuguese;Released;2013-05-08;08/05/2013;Exact;Original tracker;EEV-0115;Audited base + language mapping;;https://pokecottage.com/pokemon-master-sets/eevee;https://www.elitefourum.com/t/collectors-guide-to-eevee-cards-in-all-languages/62616;Eevee | Plasma Freeze | 90/116 | Standard
EVM-0122;No;0;Eevee;Black & White Promos;235/BW-P;7-Eleven;Japanese;Japanese;1;No;;Released;2013-07-15;15/07/2013–31/07/2013 e 01/08/2013–15/08/2013 (235/BW-P 7-Eleven);Range;Original tracker;EEV-0096;Audited base + language mapping;;https://pokecottage.com/pokemon-master-sets/eevee;https://bulbapedia.bulbagarden.net/wiki/Eevee_(TCG);Eevee | Black & White Promos | 235/BW-P | 7-Eleven
EVM-0123;No;0;Eevee;Legendary Treasures;RC14/RC25;Holo;English;English;1;No;;Released;2013-11-06;06/11/2013;Exact;Original tracker;EEV-0117;Audited base + language mapping;;https://pokecottage.com/pokemon-master-sets/eevee;https://bulbapedia.bulbagarden.net/wiki/Eevee_(TCG);Eevee | Legendary Treasures | RC14/RC25 | Holo
EVM-0124;No;0;Eevee;Black & White Promos;BW97;Cosmos Holo;English;English;1;No;;Released;2013-11-08;08/11/2013 (Legendary Treasures Three Pack Blisters);Exact;Original tracker;EEV-0118;Audited base + language mapping;;https://pokecottage.com/pokemon-master-sets/eevee;https://www.elitefourum.com/t/collectors-guide-to-eevee-cards-in-all-languages/62616;Eevee | Black & White Promos | BW97 | Cosmos Holo
EVM-0125;No;0;Eevee;Black & White Promos;BW94;Cosmos Holo;English;English, French, Italian, Spanish;4;Yes;French, Italian, Spanish;Released;2013-11-15;15/11/2013 (Sylveon Collection);Exact;Original tracker;EEV-0119;Audited base + language mapping;;https://pokecottage.com/pokemon-master-sets/eevee;https://www.elitefourum.com/t/collectors-guide-to-eevee-cards-in-all-languages/62616;Eevee | Black & White Promos | BW94 | Cosmos Holo
EVM-0126;No;0;Eevee;2080 Dental Play Pokémon Children's Toothbrush;72/BW;Cosmos Holo promo;Korean;Korean;1;No;;Released;2014-02-10;10/02/2014;Exact;Global expansion;;Regional/global addition;;https://www.elitefourum.com/t/collectors-guide-to-eevee-cards-in-all-languages/62616;;Eevee | 2080 Dental Play Pokémon Children's Toothbrush | 72/BW | Cosmos Holo promo
EVM-0127;No;0;Eevee;XY Trainer Kit: Sylveon Half Deck;13/30;Sylveon Deck;English;English, German, French, Italian, Portuguese;5;Yes;German, French, Italian, Portuguese;Released;2014-03-12;12/03/2014;Exact;Original tracker;EEV-0120;Audited base + language mapping;;https://pokecottage.com/pokemon-master-sets/eevee;https://www.elitefourum.com/t/collectors-guide-to-eevee-cards-in-all-languages/62616;Eevee | XY Trainer Kit: Sylveon Half Deck | 13/30 | Sylveon Deck
EVM-0128;No;0;Eevee;XY Trainer Kit: Sylveon Half Deck;21/30;Sylveon Deck;English;English, German, French, Italian, Portuguese;5;Yes;German, French, Italian, Portuguese;Released;2014-03-12;12/03/2014;Exact;Original tracker;EEV-0121;Audited base + language mapping;;https://pokecottage.com/pokemon-master-sets/eevee;https://www.elitefourum.com/t/collectors-guide-to-eevee-cards-in-all-languages/62616;Eevee | XY Trainer Kit: Sylveon Half Deck | 21/30 | Sylveon Deck
EVM-0129;No;0;Eevee;Rising Fist;075/096;1st Edition;Japanese;Japanese;1;No;;Released;2014-06-14;14/06/2014;Exact;Original tracker;EEV-0122;Audited base + language mapping;;https://pokecottage.com/pokemon-master-sets/eevee;https://www.elitefourum.com/t/collectors-guide-to-eevee-cards-in-all-languages/62616;Eevee | Rising Fist | 075/096 | 1st Edition
EVM-0130;No;0;Eevee;Rising Fist;075/096;Standard;Japanese;Japanese, Korean;2;Yes;Korean;Released;2014-06-14;14/06/2014;Exact;Original tracker;EEV-0123;Audited base + language mapping;;https://pokecottage.com/pokemon-master-sets/eevee;https://www.elitefourum.com/t/collectors-guide-to-eevee-cards-in-all-languages/62616;Eevee | Rising Fist | 075/096 | Standard
EVM-0131;No;0;Eevee;Furious Fists;80/111;Reverse Holo;English;English, German, French, Italian, Spanish, Russian;6;Yes;German, French, Italian, Spanish, Russian;Released;2014-08-13;13/08/2014;Exact;Original tracker;EEV-0125;Audited base + language mapping;;https://pokecottage.com/pokemon-master-sets/eevee;https://www.elitefourum.com/t/collectors-guide-to-eevee-cards-in-all-languages/62616;Eevee | Furious Fists | 80/111 | Reverse Holo
EVM-0132;No;0;Eevee;Furious Fists;80/111;Standard;English;English, German, French, Italian, Spanish, Portuguese, Russian;7;Yes;German, French, Italian, Spanish, Portuguese, Russian;Released;2014-08-13;13/08/2014;Exact;Original tracker;EEV-0124;Audited base + language mapping;;https://pokecottage.com/pokemon-master-sets/eevee;https://www.elitefourum.com/t/collectors-guide-to-eevee-cards-in-all-languages/62616;Eevee | Furious Fists | 80/111 | Standard
EVM-0133;No;0;Eevee;Bandit Ring;063/081;1st Edition;Japanese;Japanese;1;No;;Released;2015-06-20;20/06/2015;Exact;Original tracker;EEV-0126;Audited base + language mapping;;https://pokecottage.com/pokemon-master-sets/eevee;https://www.elitefourum.com/t/collectors-guide-to-eevee-cards-in-all-languages/62616;Eevee | Bandit Ring | 063/081 | 1st Edition
EVM-0134;No;0;Eevee;Bandit Ring;063/081;Standard;Japanese;Japanese, Korean;2;Yes;Korean;Released;2015-06-20;20/06/2015;Exact;Original tracker;EEV-0127;Audited base + language mapping;;https://pokecottage.com/pokemon-master-sets/eevee;https://www.elitefourum.com/t/collectors-guide-to-eevee-cards-in-all-languages/62616;Eevee | Bandit Ring | 063/081 | Standard
EVM-0135;No;0;Eevee;Ancient Origins;63/98;Reverse Holo;English;English, German, French, Italian, Spanish, Russian;6;Yes;German, French, Italian, Spanish, Russian;Released;2015-08-12;12/08/2015;Exact;Original tracker;EEV-0129;Audited base + language mapping;;https://pokecottage.com/pokemon-master-sets/eevee;https://www.elitefourum.com/t/collectors-guide-to-eevee-cards-in-all-languages/62616;Eevee | Ancient Origins | 63/98 | Reverse Holo
EVM-0136;No;0;Eevee;Ancient Origins;63/98;Standard;English;English, German, French, Italian, Spanish, Portuguese, Russian;7;Yes;German, French, Italian, Spanish, Portuguese, Russian;Released;2015-08-12;12/08/2015;Exact;Original tracker;EEV-0128;Audited base + language mapping;;https://pokecottage.com/pokemon-master-sets/eevee;https://www.elitefourum.com/t/collectors-guide-to-eevee-cards-in-all-languages/62616;Eevee | Ancient Origins | 63/98 | Standard
EVM-0137;No;0;Eevee;XY Trainer Kit: Suicune Half Deck;4/30;Suicune Deck;English;English, German, French, Portuguese;4;Yes;German, French, Portuguese;Released;2016-04-27;27/04/2016;Exact;Original tracker;EEV-0131;Audited base + language mapping;;https://pokecottage.com/pokemon-master-sets/eevee;https://bulbapedia.bulbagarden.net/wiki/Eevee_(TCG);Eevee | XY Trainer Kit: Suicune Half Deck | 4/30 | Suicune Deck
EVM-0138;No;0;Eevee;McDonald's Collection 2016;12/12;McDonald's;English;English, German, French, Italian, Spanish, Russian;6;Yes;German, French, Italian, Spanish, Russian;Released;2016-08-19;19/08/2016;Exact;Original tracker;EEV-0132;Audited base + language mapping;;https://pokecottage.com/pokemon-master-sets/eevee;https://www.elitefourum.com/t/collectors-guide-to-eevee-cards-in-all-languages/62616;Eevee | McDonald's Collection 2016 | 12/12 | McDonald's
EVM-0139;No;0;Eevee;Ancient Origins;63/98;Build-A-Bear Workshop;English;English;1;No;;Released;2016-09-01;01/09/2016 (Build-A-Bear Workshop promo);Exact;Original tracker;EEV-0130;Audited base + language mapping;;https://pokecottage.com/pokemon-master-sets/eevee;https://www.elitefourum.com/t/collectors-guide-to-eevee-cards-in-all-languages/62616;Eevee | Ancient Origins | 63/98 | Build-A-Bear Workshop
EVM-0140;No;0;Eevee;Collection Moon;048/060;Standard;Japanese;Japanese, Korean;2;Yes;Korean;Released;2016-12-09;09/12/2016;Exact;Original tracker;EEV-0133;Audited base + language mapping;;https://pokecottage.com/pokemon-master-sets/eevee;https://www.elitefourum.com/t/collectors-guide-to-eevee-cards-in-all-languages/62616;Eevee | Collection Moon | 048/060 | Standard
EVM-0141;No;0;Eevee;Collection Sun;044/060;Standard;Japanese;Japanese, Korean;2;Yes;Korean;Released;2016-12-09;09/12/2016;Exact;Original tracker;EEV-0134;Audited base + language mapping;;https://pokecottage.com/pokemon-master-sets/eevee;https://www.elitefourum.com/t/collectors-guide-to-eevee-cards-in-all-languages/62616;Eevee | Collection Sun | 044/060 | Standard
EVM-0142;No;0;Eevee;Enhanced Expansion Pack Sun & Moon;041/051;Reverse Holo;Japanese;Japanese, Korean;2;Yes;Korean;Released;2017-01-27;27/01/2017 (Enhanced Expansion Pack Sun & Moon);Exact;Original tracker;EEV-0156;Audited base + language mapping;Corrected set/product naming and Korean same-number release.;https://pokecottage.com/pokemon-master-sets/eevee;https://www.elitefourum.com/t/collectors-guide-to-eevee-cards-in-all-languages/62616;Eevee | Enhanced Expansion Pack Sun & Moon | 041/051 | Reverse Holo
EVM-0143;No;0;Eevee;Sun & Moon;101/149;Reverse Holo;English;English, French, German, Italian, Spanish, Portuguese;6;Yes;French, German, Italian, Spanish, Portuguese;Released;2017-02-03;03/02/2017;Exact;Original tracker;EEV-0160;Audited base + language mapping;;https://pokecottage.com/pokemon-master-sets/eevee;https://www.elitefourum.com/t/collectors-guide-to-eevee-cards-in-all-languages/62616;Eevee | Sun & Moon | 101/149 | Reverse Holo
EVM-0144;No;0;Eevee;Sun & Moon;101/149;Standard;English;English, French, German, Italian, Spanish, Portuguese;6;Yes;French, German, Italian, Spanish, Portuguese;Released;2017-02-03;03/02/2017;Exact;Original tracker;EEV-0159;Audited base + language mapping;;https://pokecottage.com/pokemon-master-sets/eevee;https://www.elitefourum.com/t/collectors-guide-to-eevee-cards-in-all-languages/62616;Eevee | Sun & Moon | 101/149 | Standard
EVM-0145;No;0;Eevee;THE BEST OF XY;100/171;Reverse Holo;Japanese;Japanese, Korean;2;Yes;Korean;Released;2017-04-21;21/04/2017;Exact;Original tracker;EEV-0163;Audited base + language mapping;;https://pokecottage.com/pokemon-master-sets/eevee;https://www.elitefourum.com/t/collectors-guide-to-eevee-cards-in-all-languages/62616;Eevee | THE BEST OF XY | 100/171 | Reverse Holo
EVM-0146;No;0;Eevee;THE BEST OF XY;100/171;Standard;Japanese;Japanese, Korean;2;Yes;Korean;Released;2017-04-21;21/04/2017;Exact;Original tracker;EEV-0162;Audited base + language mapping;;https://pokecottage.com/pokemon-master-sets/eevee;https://www.elitefourum.com/t/collectors-guide-to-eevee-cards-in-all-languages/62616;Eevee | THE BEST OF XY | 100/171 | Standard
EVM-0147;No;0;Eevee;Sun & Moon;101/149;Cosmos Holo;English;English, French, German, Italian, Spanish, Portuguese;6;Yes;French, German, Italian, Spanish, Portuguese;Released;2017-07-14;14/07/2017 (Espeon-GX / Umbreon-GX Premium Collections, Cosmos Holo);Exact;Original tracker;EEV-0157;Audited base + language mapping;;https://pokecottage.com/pokemon-master-sets/eevee;https://www.elitefourum.com/t/collectors-guide-to-eevee-cards-in-all-languages/62616;Eevee | Sun & Moon | 101/149 | Cosmos Holo
EVM-0148;No;0;Poncho-wearing Eevee;Sun & Moon Promos;137/SM-P;Holo;Japanese;Japanese;1;No;;Released;2017-10-07;07/10/2017 (Poncho-wearing Eevee promo);Exact;Original tracker;EEV-0135;Audited base + language mapping;;https://pokecottage.com/pokemon-master-sets/eevee;https://www.elitefourum.com/t/collectors-guide-to-eevee-cards-in-all-languages/62616;Poncho-wearing Eevee | Sun & Moon Promos | 137/SM-P | Holo
EVM-0149;No;0;Poncho-wearing Eevee;Sun & Moon Promos;138/SM-P;Holo;Japanese;Japanese;1;No;;Released;2017-10-07;07/10/2017 (Poncho-wearing Eevee promo);Exact;Original tracker;EEV-0136;Audited base + language mapping;;https://pokecottage.com/pokemon-master-sets/eevee;https://www.elitefourum.com/t/collectors-guide-to-eevee-cards-in-all-languages/62616;Poncho-wearing Eevee | Sun & Moon Promos | 138/SM-P | Holo
EVM-0150;No;0;Poncho-wearing Eevee;Sun & Moon Promos;139/SM-P;Holo;Japanese;Japanese;1;No;;Released;2017-10-07;07/10/2017 (Poncho-wearing Eevee promo);Exact;Original tracker;EEV-0137;Audited base + language mapping;;https://pokecottage.com/pokemon-master-sets/eevee;https://www.elitefourum.com/t/collectors-guide-to-eevee-cards-in-all-languages/62616;Poncho-wearing Eevee | Sun & Moon Promos | 139/SM-P | Holo
EVM-0151;No;0;Poncho-wearing Eevee;Sun & Moon Promos;140/SM-P;Holo;Japanese;Japanese;1;No;;Released;2017-10-07;07/10/2017 (Poncho-wearing Eevee promo);Exact;Original tracker;EEV-0138;Audited base + language mapping;;https://pokecottage.com/pokemon-master-sets/eevee;https://www.elitefourum.com/t/collectors-guide-to-eevee-cards-in-all-languages/62616;Poncho-wearing Eevee | Sun & Moon Promos | 140/SM-P | Holo
EVM-0152;No;0;Poncho-wearing Eevee;Sun & Moon Promos;141/SM-P;Holo;Japanese;Japanese;1;No;;Released;2017-10-07;07/10/2017 (Poncho-wearing Eevee promo);Exact;Original tracker;EEV-0139;Audited base + language mapping;;https://pokecottage.com/pokemon-master-sets/eevee;https://www.elitefourum.com/t/collectors-guide-to-eevee-cards-in-all-languages/62616;Poncho-wearing Eevee | Sun & Moon Promos | 141/SM-P | Holo
EVM-0153;No;0;Poncho-wearing Eevee;Sun & Moon Promos;142/SM-P;Holo;Japanese;Japanese;1;No;;Released;2017-10-07;07/10/2017 (Poncho-wearing Eevee promo);Exact;Original tracker;EEV-0140;Audited base + language mapping;;https://pokecottage.com/pokemon-master-sets/eevee;https://www.elitefourum.com/t/collectors-guide-to-eevee-cards-in-all-languages/62616;Poncho-wearing Eevee | Sun & Moon Promos | 142/SM-P | Holo
EVM-0154;No;0;Poncho-wearing Eevee;Sun & Moon Promos;143/SM-P;Holo;Japanese;Japanese;1;No;;Released;2017-10-07;07/10/2017 (Poncho-wearing Eevee promo);Exact;Original tracker;EEV-0141;Audited base + language mapping;;https://pokecottage.com/pokemon-master-sets/eevee;https://www.elitefourum.com/t/collectors-guide-to-eevee-cards-in-all-languages/62616;Poncho-wearing Eevee | Sun & Moon Promos | 143/SM-P | Holo
EVM-0155;No;0;Poncho-wearing Eevee;Sun & Moon Promos;144/SM-P;Holo;Japanese;Japanese;1;No;;Released;2017-10-07;07/10/2017 (Poncho-wearing Eevee promo);Exact;Original tracker;EEV-0142;Audited base + language mapping;;https://pokecottage.com/pokemon-master-sets/eevee;https://www.elitefourum.com/t/collectors-guide-to-eevee-cards-in-all-languages/62616;Poncho-wearing Eevee | Sun & Moon Promos | 144/SM-P | Holo
EVM-0156;No;0;Eevee;GX Battle Boost;083/114;Holo;Japanese;Japanese, Korean;2;Yes;Korean;Released;2017-10-20;20/10/2017;Exact;Original tracker;EEV-0164;Audited base + language mapping;;https://pokecottage.com/pokemon-master-sets/eevee;https://www.elitefourum.com/t/collectors-guide-to-eevee-cards-in-all-languages/62616;Eevee | GX Battle Boost | 083/114 | Holo
EVM-0157;No;0;Eevee;Ultra Moon;046/066;Standard;Japanese;Japanese, Korean;2;Yes;Korean;Released;2017-12-08;08/12/2017;Exact;Original tracker;EEV-0165;Audited base + language mapping;;https://pokecottage.com/pokemon-master-sets/eevee;https://bulbapedia.bulbagarden.net/wiki/Eevee_(TCG);Eevee | Ultra Moon | 046/066 | Standard
EVM-0158;No;0;Eevee;Ultra Sun;048/066;Standard;Japanese;Japanese, Korean;2;Yes;Korean;Released;2017-12-08;08/12/2017;Exact;Original tracker;EEV-0166;Audited base + language mapping;;https://pokecottage.com/pokemon-master-sets/eevee;https://bulbapedia.bulbagarden.net/wiki/Eevee_(TCG);Eevee | Ultra Sun | 048/066 | Standard
EVM-0159;No;0;Eevee;Ultra Prism;104/156;Reverse Holo;English;English, French, German, Italian, Spanish, Portuguese;6;Yes;French, German, Italian, Spanish, Portuguese;Released;2018-02-02;02/02/2018;Exact;Original tracker;EEV-0168;Audited base + language mapping;;https://pokecottage.com/pokemon-master-sets/eevee;https://www.elitefourum.com/t/collectors-guide-to-eevee-cards-in-all-languages/62616;Eevee | Ultra Prism | 104/156 | Reverse Holo
EVM-0160;No;0;Eevee;Ultra Prism;104/156;Standard;English;English, French, German, Italian, Spanish, Portuguese;6;Yes;French, German, Italian, Spanish, Portuguese;Released;2018-02-02;02/02/2018;Exact;Original tracker;EEV-0167;Audited base + language mapping;;https://pokecottage.com/pokemon-master-sets/eevee;https://www.elitefourum.com/t/collectors-guide-to-eevee-cards-in-all-languages/62616;Eevee | Ultra Prism | 104/156 | Standard
EVM-0161;No;0;Eevee;Ultra Prism;105/156;Reverse Holo;English;English, French, German, Italian, Spanish, Portuguese;6;Yes;French, German, Italian, Spanish, Portuguese;Released;2018-02-02;02/02/2018;Exact;Original tracker;EEV-0170;Audited base + language mapping;;https://pokecottage.com/pokemon-master-sets/eevee;https://www.elitefourum.com/t/collectors-guide-to-eevee-cards-in-all-languages/62616;Eevee | Ultra Prism | 105/156 | Reverse Holo
EVM-0162;No;0;Eevee;Ultra Prism;105/156;Standard;English;English, French, German, Italian, Spanish, Portuguese;6;Yes;French, German, Italian, Spanish, Portuguese;Released;2018-02-02;02/02/2018;Exact;Original tracker;EEV-0169;Audited base + language mapping;;https://pokecottage.com/pokemon-master-sets/eevee;https://www.elitefourum.com/t/collectors-guide-to-eevee-cards-in-all-languages/62616;Eevee | Ultra Prism | 105/156 | Standard
EVM-0163;No;0;Eevee;Forbidden Light;070/094;Standard;Japanese;Japanese, Korean;2;Yes;Korean;Released;2018-03-02;02/03/2018;Exact;Original tracker;EEV-0171;Audited base + language mapping;;https://pokecottage.com/pokemon-master-sets/eevee;https://www.elitefourum.com/t/collectors-guide-to-eevee-cards-in-all-languages/62616;Eevee | Forbidden Light | 070/094 | Standard
EVM-0164;No;0;Eevee;Sun & Moon Trainer Kit: Alolan Ninetales Half Deck;104/156;Blue “26” stamp;English;English, German, French, Italian, Spanish, Portuguese;6;Yes;German, French, Italian, Spanish, Portuguese;Released;2018-06-01;01/06/2018;Exact;Original tracker;EEV-0172;Audited base + language mapping;;https://pokecottage.com/pokemon-master-sets/eevee;https://bulbapedia.bulbagarden.net/wiki/Alolan_Sandslash_Half_Deck_(TCG);Eevee | Sun & Moon Trainer Kit: Alolan Ninetales Half Deck | 104/156 | Blue “26” stamp
EVM-0165;No;0;Eevee;McDonald's Collection 2018;37/40;Confetti Reverse Holo;French;French;1;No;;Released;2018-06-13;13/06–10/07/2018;Range;Global expansion;;Regional/global addition;"France-exclusive holofoil/set printing; distinct physical card.";https://www.elitefourum.com/t/collectors-guide-to-eevee-cards-in-all-languages/62616;;Eevee | McDonald's Collection 2018 | 37/40 | Confetti Reverse Holo
EVM-0166;No;0;Eevee;McDonald's Collection 2018;37/40;Standard;French;French;1;No;;Released;2018-06-13;13/06–10/07/2018;Range;Global expansion;;Regional/global addition;"France-exclusive set; unique collector number versus the international 11/12 release.";https://www.elitefourum.com/t/collectors-guide-to-eevee-cards-in-all-languages/62616;;Eevee | McDonald's Collection 2018 | 37/40 | Standard
EVM-0167;No;0;Eevee;Sun & Moon Promos;243/SM-P;Holo;Japanese;Japanese;1;No;;Released;2018-07-01;"Luglio 2018 (243/SM-P Pokémon Card Game Classroom; giorno esatto non documentato)";Month;Original tracker;EEV-0143;Audited base + language mapping;;https://pokecottage.com/pokemon-master-sets/eevee;https://www.elitefourum.com/t/collectors-guide-to-eevee-cards-in-all-languages/62616;Eevee | Sun & Moon Promos | 243/SM-P | Holo
EVM-0168;No;0;Eevee;Sun & Moon Promos;245/SM-P;Pokémon TCG Gym;Japanese;Japanese;1;No;;Released;2018-07-13;13/07/2018 (245/SM-P GX Start Battle ~Get Eevee~);Exact;Original tracker;EEV-0144;Audited base + language mapping;;https://pokecottage.com/pokemon-master-sets/eevee;https://www.elitefourum.com/t/collectors-guide-to-eevee-cards-in-all-languages/62616;Eevee | Sun & Moon Promos | 245/SM-P | Pokémon TCG Gym
EVM-0169;No;0;Eevee;Sun & Moon Promos;247/SM-P;Breath Anime Edition;Japanese;Japanese;1;No;;Released;2018-07-25;25/07/2018 (247/SM-P Breath Anime Edition);Exact;Original tracker;EEV-0145;Audited base + language mapping;;https://pokecottage.com/pokemon-master-sets/eevee;https://www.elitefourum.com/t/collectors-guide-to-eevee-cards-in-all-languages/62616;Eevee | Sun & Moon Promos | 247/SM-P | Breath Anime Edition
EVM-0170;No;0;Eevee;Super-Burst Impact;068/095;Standard;Japanese;Japanese, Korean;2;Yes;Korean;Released;2018-09-07;07/09/2018;Exact;Original tracker;EEV-0173;Audited base + language mapping;;https://pokecottage.com/pokemon-master-sets/eevee;https://www.elitefourum.com/t/collectors-guide-to-eevee-cards-in-all-languages/62616;Eevee | Super-Burst Impact | 068/095 | Standard
EVM-0171;No;0;Eevee;McDonald's Collection 2018;11/12;McDonald's;English;English, French, German, Italian, Spanish;5;Yes;French, German, Italian, Spanish;Released;2018-10-16;"16/10/2018–12/11/2018 (campagna McDonald's 2018; data ancorata all'inizio)";Range;Original tracker;EEV-0177;Audited base + language mapping;;https://pokecottage.com/pokemon-master-sets/eevee;https://www.elitefourum.com/t/collectors-guide-to-eevee-cards-in-all-languages/62616;Eevee | McDonald's Collection 2018 | 11/12 | McDonald's
EVM-0172;No;0;Eevee;Sun & Moon Promos;287/SM-P;Standard;Japanese;Japanese;1;No;;Released;2018-10-27;"27/10/2018–20/01/2019 (Munch: A Retrospective; data ancorata all'inizio)";Range;Original tracker;EEV-0146;Audited base + language mapping;;https://pokecottage.com/pokemon-master-sets/eevee;https://www.elitefourum.com/t/collectors-guide-to-eevee-cards-in-all-languages/62616;Eevee | Sun & Moon Promos | 287/SM-P | Standard
EVM-0173;No;0;Eevee;GX Ultra Shiny;105/150;Reverse Holo;Japanese;Japanese, Korean;2;Yes;Korean;Released;2018-11-02;02/11/2018;Exact;Original tracker;EEV-0175;Audited base + language mapping;;https://pokecottage.com/pokemon-master-sets/eevee;https://www.elitefourum.com/t/collectors-guide-to-eevee-cards-in-all-languages/62616;Eevee | GX Ultra Shiny | 105/150 | Reverse Holo
EVM-0174;No;0;Eevee;GX Ultra Shiny;105/150;Standard;Japanese;Japanese, Korean;2;Yes;Korean;Released;2018-11-02;02/11/2018;Exact;Original tracker;EEV-0174;Audited base + language mapping;;https://pokecottage.com/pokemon-master-sets/eevee;https://www.elitefourum.com/t/collectors-guide-to-eevee-cards-in-all-languages/62616;Eevee | GX Ultra Shiny | 105/150 | Standard
EVM-0175;No;0;Eevee;GX Ultra Shiny;201/150;Holo;Japanese;Japanese, Korean;2;Yes;Korean;Released;2018-11-02;02/11/2018;Exact;Original tracker;EEV-0176;Audited base + language mapping;;https://pokecottage.com/pokemon-master-sets/eevee;https://www.elitefourum.com/t/collectors-guide-to-eevee-cards-in-all-languages/62616;Eevee | GX Ultra Shiny | 201/150 | Holo
EVM-0176;No;0;Eevee;Lost Thunder;155/214;Reverse Holo;English;English, French, German, Italian, Spanish, Portuguese;6;Yes;French, German, Italian, Spanish, Portuguese;Released;2018-11-02;02/11/2018;Exact;Original tracker;EEV-0180;Audited base + language mapping;;https://pokecottage.com/pokemon-master-sets/eevee;https://www.elitefourum.com/t/collectors-guide-to-eevee-cards-in-all-languages/62616;Eevee | Lost Thunder | 155/214 | Reverse Holo
EVM-0177;No;0;Eevee;Lost Thunder;155/214;Standard;English;English, French, German, Italian, Spanish, Portuguese;6;Yes;French, German, Italian, Spanish, Portuguese;Released;2018-11-02;02/11/2018;Exact;Original tracker;EEV-0179;Audited base + language mapping;;https://pokecottage.com/pokemon-master-sets/eevee;https://www.elitefourum.com/t/collectors-guide-to-eevee-cards-in-all-languages/62616;Eevee | Lost Thunder | 155/214 | Standard
EVM-0178;No;0;Eevee;Sun & Moon;101a/149;Cosmos Holo;English;English, French, German, Italian, Spanish, Portuguese;6;Yes;French, German, Italian, Spanish, Portuguese;Released;2018-11-02;02/11/2018 (Pikachu & Eevee Poké Ball Collection, 101a/149);Exact;Original tracker;EEV-0161;Audited base + language mapping;;https://pokecottage.com/pokemon-master-sets/eevee;https://www.elitefourum.com/t/collectors-guide-to-eevee-cards-in-all-languages/62616;Eevee | Sun & Moon | 101a/149 | Cosmos Holo
EVM-0179;No;0;Eevee;Eevee GX Starter Sets;016/038;Standard;Japanese;Japanese;1;No;;Released;2018-11-23;23/11/2018;Exact;Original tracker;EEV-0181;Audited base + language mapping;;https://pokecottage.com/pokemon-master-sets/eevee;https://www.elitefourum.com/t/collectors-guide-to-eevee-cards-in-all-languages/62616;Eevee | Eevee GX Starter Sets | 016/038 | Standard
EVM-0180;No;0;Eevee GX;Eevee GX Starter Sets;017/038;Holo;Japanese;Japanese;1;No;;Released;2018-11-23;23/11/2018;Exact;Original tracker;EEV-0182;Audited base + language mapping;;https://pokecottage.com/pokemon-master-sets/eevee;https://www.elitefourum.com/t/collectors-guide-to-eevee-cards-in-all-languages/62616;Eevee GX | Eevee GX Starter Sets | 017/038 | Holo
EVM-0181;No;0;Eevee GX;Eevee GX Starter Sets;018/038;Holo;Japanese;Japanese;1;No;;Released;2018-11-23;23/11/2018;Exact;Original tracker;EEV-0183;Audited base + language mapping;;https://pokecottage.com/pokemon-master-sets/eevee;https://www.elitefourum.com/t/collectors-guide-to-eevee-cards-in-all-languages/62616;Eevee GX | Eevee GX Starter Sets | 018/038 | Holo
EVM-0182;No;0;Eevee GX;Eevee GX Starter Sets;019/038;Holo;Japanese;Japanese;1;No;;Released;2018-11-23;23/11/2018;Exact;Original tracker;EEV-0184;Audited base + language mapping;;https://pokecottage.com/pokemon-master-sets/eevee;https://www.elitefourum.com/t/collectors-guide-to-eevee-cards-in-all-languages/62616;Eevee GX | Eevee GX Starter Sets | 019/038 | Holo
EVM-0183;No;0;Eevee;Sun & Moon Promos;295/SM-P;Daiichi Pan;Japanese;Japanese;1;No;;Released;2018-12-01;01/12/2018 (295/SM-P Daiichi Pan);Exact;Original tracker;EEV-0147;Audited base + language mapping;;https://pokecottage.com/pokemon-master-sets/eevee;https://www.elitefourum.com/t/collectors-guide-to-eevee-cards-in-all-languages/62616;Eevee | Sun & Moon Promos | 295/SM-P | Daiichi Pan
EVM-0184;No;0;Eevee & Snorlax GX;Sun & Moon Promos;297/SM-P;Expansion Stamp;Japanese;Japanese;1;No;;Released;2018-12-07;07/12/2018 (297/SM-P, Tag Bolt expansion-stamp promo);Exact;Original tracker;EEV-0148;Audited base + language mapping;;https://pokecottage.com/pokemon-master-sets/eevee;https://www.elitefourum.com/t/collectors-guide-to-eevee-cards-in-all-languages/62616;Eevee & Snorlax GX | Sun & Moon Promos | 297/SM-P | Expansion Stamp
EVM-0185;No;0;Eevee & Snorlax GX;Tag Bolt;066/095;Holo;Japanese;Japanese, Korean;2;Yes;Korean;Released;2018-12-07;07/12/2018;Exact;Original tracker;EEV-0185;Audited base + language mapping;;https://pokecottage.com/pokemon-master-sets/eevee;https://www.elitefourum.com/t/collectors-guide-to-eevee-cards-in-all-languages/62616;Eevee & Snorlax GX | Tag Bolt | 066/095 | Holo
EVM-0186;No;0;Eevee & Snorlax GX;Tag Bolt;106/095;Holo;Japanese;Japanese, Korean;2;Yes;Korean;Released;2018-12-07;07/12/2018;Exact;Original tracker;EEV-0186;Audited base + language mapping;;https://pokecottage.com/pokemon-master-sets/eevee;https://www.elitefourum.com/t/collectors-guide-to-eevee-cards-in-all-languages/62616;Eevee & Snorlax GX | Tag Bolt | 106/095 | Holo
EVM-0187;No;0;Eevee & Snorlax GX;Tag Bolt;115/095;Holo;Japanese;Japanese, Korean;2;Yes;Korean;Released;2018-12-07;07/12/2018;Exact;Original tracker;EEV-0187;Audited base + language mapping;;https://pokecottage.com/pokemon-master-sets/eevee;https://www.elitefourum.com/t/collectors-guide-to-eevee-cards-in-all-languages/62616;Eevee & Snorlax GX | Tag Bolt | 115/095 | Holo
EVM-0188;No;0;Eevee;Kisstick sausages promotion;123/SM-P;Promo;Korean;Korean;1;No;;Released;2019-01-01;2019;Year;Global expansion;;Regional/global addition;;https://www.elitefourum.com/t/collectors-guide-to-eevee-cards-in-all-languages/62616;;Eevee | Kisstick sausages promotion | 123/SM-P | Promo
EVM-0189;No;0;Eevee;Sun & Moon Promos;306/SM-P;Pokémon Card Friendly Shop;Japanese;Japanese;1;No;;Released;2019-01-11;11/01/2019 (306/SM-P Friendly Shop campaign);Exact;Original tracker;EEV-0149;Audited base + language mapping;;https://pokecottage.com/pokemon-master-sets/eevee;https://www.elitefourum.com/t/collectors-guide-to-eevee-cards-in-all-languages/62616;Eevee | Sun & Moon Promos | 306/SM-P | Pokémon Card Friendly Shop
EVM-0190;No;0;Eevee & Snorlax-GX;Tag Bolt & Night Unison booster box purchase promo;140/SM-P;Holo / Full Art promo;Korean;Korean;1;No;;Released;2019-01-11;11/01/2019;Exact;Global expansion;;Regional/global addition;;https://www.elitefourum.com/t/collectors-guide-to-eevee-cards-in-all-languages/62616;;Eevee & Snorlax-GX | Tag Bolt & Night Unison booster box purchase promo | 140/SM-P | Holo / Full Art promo
EVM-0191;No;0;Eevee;Sun & Moon;101/149;Sequin Holo;English;English;1;No;;Released;2019-01-15;15/01/2019 (General Mills Let's Go, Kanto! Mini Packs, Sequin Holo);Exact;Original tracker;EEV-0158;Audited base + language mapping;;https://pokecottage.com/pokemon-master-sets/eevee;https://www.elitefourum.com/t/collectors-guide-to-eevee-cards-in-all-languages/62616;Eevee | Sun & Moon | 101/149 | Sequin Holo
EVM-0192;No;0;Eevee GX;Sun & Moon Promos;SM174;Holo;English;English, French, German, Italian, Spanish;5;Yes;French, German, Italian, Spanish;Released;2019-01-18;18/01/2019 (Eevee-GX / Eeveelution GX Special Collections);Exact;Original tracker;EEV-0188;Audited base + language mapping;;https://pokecottage.com/pokemon-master-sets/eevee;https://www.elitefourum.com/t/collectors-guide-to-eevee-cards-in-all-languages/62616;Eevee GX | Sun & Moon Promos | SM174 | Holo
EVM-0193;No;0;Eevee GX;Sun & Moon Promos;SM174;Jumbo;English;English, French, German, Italian, Spanish;5;Yes;French, German, Italian, Spanish;Released;2019-01-18;18/01/2019 (Eevee-GX / Eeveelution GX Special Collections);Exact;Original tracker;EEV-0189;Audited base + language mapping;;https://pokecottage.com/pokemon-master-sets/eevee;https://www.elitefourum.com/t/collectors-guide-to-eevee-cards-in-all-languages/62616;Eevee GX | Sun & Moon Promos | SM174 | Jumbo
EVM-0194;No;0;Eevee GX;Sun & Moon Promos;SM175;Holo;English;English, French, German, Italian, Spanish;5;Yes;French, German, Italian, Spanish;Released;2019-01-18;18/01/2019 (Eevee-GX / Eeveelution GX Special Collections);Exact;Original tracker;EEV-0190;Audited base + language mapping;;https://pokecottage.com/pokemon-master-sets/eevee;https://www.elitefourum.com/t/collectors-guide-to-eevee-cards-in-all-languages/62616;Eevee GX | Sun & Moon Promos | SM175 | Holo
EVM-0195;No;0;Eevee GX;Sun & Moon Promos;SM175;Jumbo;English;English, French, German, Italian, Spanish;5;Yes;French, German, Italian, Spanish;Released;2019-01-18;18/01/2019 (Eevee-GX / Eeveelution GX Special Collections);Exact;Original tracker;EEV-0191;Audited base + language mapping;;https://pokecottage.com/pokemon-master-sets/eevee;https://www.elitefourum.com/t/collectors-guide-to-eevee-cards-in-all-languages/62616;Eevee GX | Sun & Moon Promos | SM175 | Jumbo
EVM-0196;No;0;Eevee GX;Sun & Moon Promos;SM176;Holo;English;English, French, German, Italian, Spanish;5;Yes;French, German, Italian, Spanish;Released;2019-01-18;18/01/2019 (Eevee-GX / Eeveelution GX Special Collections);Exact;Original tracker;EEV-0192;Audited base + language mapping;;https://pokecottage.com/pokemon-master-sets/eevee;https://www.elitefourum.com/t/collectors-guide-to-eevee-cards-in-all-languages/62616;Eevee GX | Sun & Moon Promos | SM176 | Holo
EVM-0197;No;0;Eevee GX;Sun & Moon Promos;SM176;Jumbo;English;English, French, German, Italian, Spanish;5;Yes;French, German, Italian, Spanish;Released;2019-01-18;18/01/2019 (Eevee-GX / Eeveelution GX Special Collections);Exact;Original tracker;EEV-0193;Audited base + language mapping;;https://pokecottage.com/pokemon-master-sets/eevee;https://www.elitefourum.com/t/collectors-guide-to-eevee-cards-in-all-languages/62616;Eevee GX | Sun & Moon Promos | SM176 | Jumbo
EVM-0198;No;0;Eevee;Sun & Moon Promos;310/SM-P;Holo;Japanese;Japanese;1;No;;Released;2019-01-19;"Prima distribuzione 19/01/2019; ulteriori eventi 20/01, 26–27/01, 17/02, marzo–maggio 2019 (310/SM-P)";Range;Original tracker;EEV-0150;Audited base + language mapping;;https://pokecottage.com/pokemon-master-sets/eevee;https://www.elitefourum.com/t/collectors-guide-to-eevee-cards-in-all-languages/62616;Eevee | Sun & Moon Promos | 310/SM-P | Holo
EVM-0199;No;0;Eevee;First Impact GX Starter Deck;107/140;Standard;Thai;Thai, Indonesian;2;Yes;Indonesian;Released;2019-02-01;"Thai 01/02/2019; Indonesian 11/08/2019";Multi-date;Global expansion;;Regional/global addition;;https://www.elitefourum.com/t/collectors-guide-to-eevee-cards-in-all-languages/62616;;Eevee | First Impact GX Starter Deck | 107/140 | Standard
EVM-0200;No;0;Eevee;First Impact Set B;109/150;Standard;Thai;Thai, Indonesian;2;Yes;Indonesian;Released;2019-02-01;"Thai 01/02/2019; Indonesian 08/08/2019";Multi-date;Global expansion;;Regional/global addition;;https://www.elitefourum.com/t/collectors-guide-to-eevee-cards-in-all-languages/62616;;Eevee | First Impact Set B | 109/150 | Standard
EVM-0201;No;0;Eevee;First Impact Set B;110/150;Standard;Thai;Thai, Indonesian;2;Yes;Indonesian;Released;2019-02-01;"Thai 01/02/2019; Indonesian 08/08/2019";Multi-date;Global expansion;;Regional/global addition;;https://www.elitefourum.com/t/collectors-guide-to-eevee-cards-in-all-languages/62616;;Eevee | First Impact Set B | 110/150 | Standard
EVM-0202;No;0;Eevee & Snorlax GX;Team Up;120/181;Holo;English;English, French, German, Italian, Spanish, Portuguese;6;Yes;French, German, Italian, Spanish, Portuguese;Released;2019-02-01;01/02/2019;Exact;Original tracker;EEV-0194;Audited base + language mapping;;https://pokecottage.com/pokemon-master-sets/eevee;https://www.elitefourum.com/t/collectors-guide-to-eevee-cards-in-all-languages/62616;Eevee & Snorlax GX | Team Up | 120/181 | Holo
EVM-0203;No;0;Eevee & Snorlax GX;Team Up;171/181;Holo;English;English, French, German, Italian, Spanish, Portuguese;6;Yes;French, German, Italian, Spanish, Portuguese;Released;2019-02-01;01/02/2019;Exact;Original tracker;EEV-0195;Audited base + language mapping;;https://pokecottage.com/pokemon-master-sets/eevee;https://www.elitefourum.com/t/collectors-guide-to-eevee-cards-in-all-languages/62616;Eevee & Snorlax GX | Team Up | 171/181 | Holo
EVM-0204;No;0;Eevee & Snorlax GX;Team Up;191/181;Holo;English;English, French, German, Italian, Spanish, Portuguese;6;Yes;French, German, Italian, Spanish, Portuguese;Released;2019-02-01;01/02/2019;Exact;Original tracker;EEV-0196;Audited base + language mapping;;https://pokecottage.com/pokemon-master-sets/eevee;https://www.elitefourum.com/t/collectors-guide-to-eevee-cards-in-all-languages/62616;Eevee & Snorlax GX | Team Up | 191/181 | Holo
EVM-0205;No;0;Eevee & Snorlax GX;Sun & Moon Promos;SM169;Holo;English;English, French, German, Italian, Spanish;5;Yes;French, German, Italian, Spanish;Released;2019-03-01;01/03/2019 (Eevee & Snorlax-GX Tag Team Tin promo);Exact;Original tracker;EEV-0197;Audited base + language mapping;;https://pokecottage.com/pokemon-master-sets/eevee;https://www.elitefourum.com/t/collectors-guide-to-eevee-cards-in-all-languages/62616;Eevee & Snorlax GX | Sun & Moon Promos | SM169 | Holo
EVM-0206;No;0;Eevee;Sun & Moon Family Pokémon Card Game;037/051;Raichu GX Deck;Japanese;Japanese, Korean;2;Yes;Korean;Released;2019-03-19;19/03/2019;Exact;Original tracker;EEV-0198;Audited base + language mapping;;https://pokecottage.com/pokemon-master-sets/eevee;https://www.elitefourum.com/t/collectors-guide-to-eevee-cards-in-all-languages/62616;Eevee | Sun & Moon Family Pokémon Card Game | 037/051 | Raichu GX Deck
EVM-0207;No;0;Eevee;Sun & Moon Promos;326/SM-P;Pokémon Card Friendly Shop;Japanese;Japanese;1;No;;Released;2019-04-05;05/04/2019 (326/SM-P Friendly Shop campaign);Exact;Original tracker;EEV-0151;Audited base + language mapping;;https://pokecottage.com/pokemon-master-sets/eevee;https://www.elitefourum.com/t/collectors-guide-to-eevee-cards-in-all-languages/62616;Eevee | Sun & Moon Promos | 326/SM-P | Pokémon Card Friendly Shop
EVM-0208;No;0;Eevee;Lost Thunder;155/214;Cracked Ice Holo;English;English, French, German, Italian, Spanish, Portuguese;6;Yes;French, German, Italian, Spanish, Portuguese;Released;2019-05-03;03/05/2019 (Let's Play, Eevee! Theme Deck, Cracked Ice Holo);Exact;Original tracker;EEV-0178;Audited base + language mapping;;https://pokecottage.com/pokemon-master-sets/eevee;https://www.elitefourum.com/t/collectors-guide-to-eevee-cards-in-all-languages/62616;Eevee | Lost Thunder | 155/214 | Cracked Ice Holo
EVM-0209;No;0;Eevee;Sun & Moon Promos;SM184;Cosmos Holo;English;English, French;2;Yes;French;Released;2019-05-03;03/05/2019 (Unbroken Bonds Single Pack Blister promo);Exact;Original tracker;EEV-0199;Audited base + language mapping;;https://pokecottage.com/pokemon-master-sets/eevee;https://www.elitefourum.com/t/collectors-guide-to-eevee-cards-in-all-languages/62616;Eevee | Sun & Moon Promos | SM184 | Cosmos Holo
EVM-0210;No;0;Eevee;Sun & Moon Promos;371/SM-P;Pokémon Card Friendly Shop;Japanese;Japanese;1;No;;Released;2019-07-05;05/07/2019 (371/SM-P Friendly Shop campaign);Exact;Original tracker;EEV-0152;Audited base + language mapping;;https://pokecottage.com/pokemon-master-sets/eevee;https://www.elitefourum.com/t/collectors-guide-to-eevee-cards-in-all-languages/62616;Eevee | Sun & Moon Promos | 371/SM-P | Pokémon Card Friendly Shop
EVM-0211;No;0;Eevee;Sun & Moon Promos;378/SM-P;Holo;Japanese;Japanese;1;No;;Released;2019-08-02;02/08/2019 (378/SM-P Lawson campaign);Exact;Original tracker;EEV-0153;Audited base + language mapping;;https://pokecottage.com/pokemon-master-sets/eevee;https://www.elitefourum.com/t/collectors-guide-to-eevee-cards-in-all-languages/62616;Eevee | Sun & Moon Promos | 378/SM-P | Holo
EVM-0212;No;0;Eevee;Hidden Shadow Set A;155/183;Standard;Thai;Thai, Indonesian;2;Yes;Indonesian;Released;2019-08-11;"Thai 11/08/2019; Indonesian 30/12/2019";Multi-date;Global expansion;;Regional/global addition;;https://www.elitefourum.com/t/collectors-guide-to-eevee-cards-in-all-languages/62616;;Eevee | Hidden Shadow Set A | 155/183 | Standard
EVM-0213;No;0;Eevee;Hidden Fates;48/68;Holo;English;English, French, German, Italian, Spanish, Portuguese;6;Yes;French, German, Italian, Spanish, Portuguese;Released;2019-08-23;23/08/2019;Exact;Original tracker;EEV-0200;Audited base + language mapping;;https://pokecottage.com/pokemon-master-sets/eevee;https://www.elitefourum.com/t/collectors-guide-to-eevee-cards-in-all-languages/62616;Eevee | Hidden Fates | 48/68 | Holo
EVM-0214;No;0;Eevee;Hidden Fates;48/68;Reverse Holo;English;English, French, German, Italian, Spanish, Portuguese;6;Yes;French, German, Italian, Spanish, Portuguese;Released;2019-08-23;23/08/2019;Exact;Original tracker;EEV-0201;Audited base + language mapping;;https://pokecottage.com/pokemon-master-sets/eevee;https://www.elitefourum.com/t/collectors-guide-to-eevee-cards-in-all-languages/62616;Eevee | Hidden Fates | 48/68 | Reverse Holo
EVM-0215;No;0;Eevee;Hidden Fates;49/68;Reverse Holo;English;English, French, German, Italian, Spanish, Portuguese;6;Yes;French, German, Italian, Spanish, Portuguese;Released;2019-08-23;23/08/2019;Exact;Original tracker;EEV-0203;Audited base + language mapping;;https://pokecottage.com/pokemon-master-sets/eevee;https://www.elitefourum.com/t/collectors-guide-to-eevee-cards-in-all-languages/62616;Eevee | Hidden Fates | 49/68 | Reverse Holo
EVM-0216;No;0;Eevee;Hidden Fates;49/68;Standard;English;English, French, German, Italian, Spanish, Portuguese;6;Yes;French, German, Italian, Spanish, Portuguese;Released;2019-08-23;23/08/2019;Exact;Original tracker;EEV-0202;Audited base + language mapping;;https://pokecottage.com/pokemon-master-sets/eevee;https://www.elitefourum.com/t/collectors-guide-to-eevee-cards-in-all-languages/62616;Eevee | Hidden Fates | 49/68 | Standard
EVM-0217;No;0;Eevee;Hidden Fates: Shiny Vault;SV41/SV94;Holo;English;English, French, German, Italian, Spanish, Portuguese;6;Yes;French, German, Italian, Spanish, Portuguese;Released;2019-08-23;23/08/2019;Exact;Original tracker;EEV-0204;Audited base + language mapping;;https://pokecottage.com/pokemon-master-sets/eevee;https://bulbapedia.bulbagarden.net/wiki/Eevee_(TCG);Eevee | Hidden Fates: Shiny Vault | SV41/SV94 | Holo
EVM-0218;No;0;Eevee;Alter Genesis;074/095;Standard;Japanese;Japanese, Korean;2;Yes;Korean;Released;2019-09-06;06/09/2019;Exact;Original tracker;EEV-0205;Audited base + language mapping;;https://pokecottage.com/pokemon-master-sets/eevee;https://www.elitefourum.com/t/collectors-guide-to-eevee-cards-in-all-languages/62616;Eevee | Alter Genesis | 074/095 | Standard
EVM-0219;No;0;Eevee;Sun & Moon Promos;403/SM-P;Championship Series;Japanese;Japanese;1;No;;Released;2019-09-22;22/09/2019 (403/SM-P Championship Series);Exact;Original tracker;EEV-0155;Audited base + language mapping;;https://pokecottage.com/pokemon-master-sets/eevee;https://bulbapedia.bulbagarden.net/wiki/Eevee_(TCG);Eevee | Sun & Moon Promos | 403/SM-P | Championship Series
EVM-0220;No;0;Eevee;Pokémon TCG Launch Memorial Conference;003/SM-P;Holo promo;Traditional Chinese;Traditional Chinese;1;No;;Released;2019-10-01;10/2019;Month;Global expansion;;Regional/global addition;;https://www.elitefourum.com/t/collectors-guide-to-eevee-cards-in-all-languages/62616;;Eevee | Pokémon TCG Launch Memorial Conference | 003/SM-P | Holo promo
EVM-0221;No;0;Eevee;Sun & Moon Promos;399/SM-P;Pokémon Card Friendly Shop;Japanese;Japanese;1;No;;Released;2019-10-04;04/10/2019 (399/SM-P Friendly Shop campaign);Exact;Original tracker;EEV-0154;Audited base + language mapping;;https://pokecottage.com/pokemon-master-sets/eevee;https://www.elitefourum.com/t/collectors-guide-to-eevee-cards-in-all-languages/62616;Eevee | Sun & Moon Promos | 399/SM-P | Pokémon Card Friendly Shop
EVM-0222;No;0;Eevee;Tag All Stars;109/173;Reverse Holo;Japanese;Japanese, Korean;2;Yes;Korean;Released;2019-10-04;04/10/2019;Exact;Original tracker;EEV-0207;Audited base + language mapping;;https://pokecottage.com/pokemon-master-sets/eevee;https://www.elitefourum.com/t/collectors-guide-to-eevee-cards-in-all-languages/62616;Eevee | Tag All Stars | 109/173 | Reverse Holo
EVM-0223;No;0;Eevee;Tag All Stars;109/173;Standard;Japanese;Japanese, Korean;2;Yes;Korean;Released;2019-10-04;04/10/2019;Exact;Original tracker;EEV-0206;Audited base + language mapping;;https://pokecottage.com/pokemon-master-sets/eevee;https://www.elitefourum.com/t/collectors-guide-to-eevee-cards-in-all-languages/62616;Eevee | Tag All Stars | 109/173 | Standard
EVM-0224;No;0;Eevee GX;Tag All Stars;187/173;Holo;Japanese;Japanese, Korean;2;Yes;Korean;Released;2019-10-04;04/10/2019;Exact;Original tracker;EEV-0208;Audited base + language mapping;;https://pokecottage.com/pokemon-master-sets/eevee;https://www.elitefourum.com/t/collectors-guide-to-eevee-cards-in-all-languages/62616;Eevee GX | Tag All Stars | 187/173 | Holo
EVM-0225;No;0;Eevee GX;Tag All Stars;188/173;Holo;Japanese;Japanese, Korean;2;Yes;Korean;Released;2019-10-04;04/10/2019;Exact;Original tracker;EEV-0209;Audited base + language mapping;;https://pokecottage.com/pokemon-master-sets/eevee;https://www.elitefourum.com/t/collectors-guide-to-eevee-cards-in-all-languages/62616;Eevee GX | Tag All Stars | 188/173 | Holo
EVM-0226;No;0;Eevee GX;Tag All Stars;219/173;Holo;Japanese;Japanese, Korean;2;Yes;Korean;Released;2019-10-04;04/10/2019;Exact;Original tracker;EEV-0210;Audited base + language mapping;;https://pokecottage.com/pokemon-master-sets/eevee;https://www.elitefourum.com/t/collectors-guide-to-eevee-cards-in-all-languages/62616;Eevee GX | Tag All Stars | 219/173 | Holo
EVM-0227;No;0;Eevee;All Stars Collection GX Starter;123/157;Standard;Traditional Chinese;Traditional Chinese;1;No;;Released;2019-10-09;09/10/2019;Exact;Global expansion;;Regional/global addition;;https://www.elitefourum.com/t/collectors-guide-to-eevee-cards-in-all-languages/62616;;Eevee | All Stars Collection GX Starter | 123/157 | Standard
EVM-0228;No;0;Eevee;All Stars Collection Set A;115/158;Standard;Traditional Chinese;Traditional Chinese;1;No;;Released;2019-10-09;09/10/2019;Exact;Global expansion;;Regional/global addition;;https://www.elitefourum.com/t/collectors-guide-to-eevee-cards-in-all-languages/62616;;Eevee | All Stars Collection Set A | 115/158 | Standard
EVM-0229;No;0;Eevee;All Stars Collection Set B;117/158;Standard;Traditional Chinese;Traditional Chinese;1;No;;Released;2019-10-09;09/10/2019;Exact;Global expansion;;Regional/global addition;;https://www.elitefourum.com/t/collectors-guide-to-eevee-cards-in-all-languages/62616;;Eevee | All Stars Collection Set B | 117/158 | Standard
EVM-0230;No;0;Eevee;McDonald's Collection 2019;12/12;McDonald's;English;English, German, French, Spanish, Portuguese;5;Yes;German, French, Spanish, Portuguese;Released;2019-10-15;"15/10/2019–11/11/2019 (USA; altre regioni in date successive)";Range;Original tracker;EEV-0211;Audited base + language mapping;;https://pokecottage.com/pokemon-master-sets/eevee;https://www.elitefourum.com/t/collectors-guide-to-eevee-cards-in-all-languages/62616;Eevee | McDonald's Collection 2019 | 12/12 | McDonald's
EVM-0231;No;0;Eevee;Legends Awakened GX Starter Deck;124/159;Standard;Indonesian;Indonesian;1;No;;Released;2019-10-26;26/10/2019;Exact;Global expansion;;Regional/global addition;;https://www.elitefourum.com/t/collectors-guide-to-eevee-cards-in-all-languages/62616;;Eevee | Legends Awakened GX Starter Deck | 124/159 | Standard
EVM-0232;No;0;Eevee;McDonald's Collection 2019;40/40;Confetti Reverse Holo;French;French;1;No;;Released;2019-10-30;30/10/2019;Exact;Global expansion;;Regional/global addition;"France-exclusive holofoil/set printing; distinct physical card.";https://www.elitefourum.com/t/collectors-guide-to-eevee-cards-in-all-languages/62616;;Eevee | McDonald's Collection 2019 | 40/40 | Confetti Reverse Holo
EVM-0233;No;0;Eevee;McDonald's Collection 2019;40/40;Standard;French;French;1;No;;Released;2019-10-30;30/10/2019;Exact;Global expansion;;Regional/global addition;"France-exclusive set; different printed number, so separate slot.";https://www.elitefourum.com/t/collectors-guide-to-eevee-cards-in-all-languages/62616;;Eevee | McDonald's Collection 2019 | 40/40 | Standard
EVM-0234;No;0;Eevee;Cosmic Eclipse;166/236;Reverse Holo;English;English, French, German, Italian, Spanish, Portuguese;6;Yes;French, German, Italian, Spanish, Portuguese;Released;2019-11-01;01/11/2019;Exact;Original tracker;EEV-0213;Audited base + language mapping;;https://pokecottage.com/pokemon-master-sets/eevee;https://www.elitefourum.com/t/collectors-guide-to-eevee-cards-in-all-languages/62616;Eevee | Cosmic Eclipse | 166/236 | Reverse Holo
EVM-0235;No;0;Eevee;Cosmic Eclipse;166/236;Standard;English;English, French, German, Italian, Spanish, Portuguese;6;Yes;French, German, Italian, Spanish, Portuguese;Released;2019-11-01;01/11/2019;Exact;Original tracker;EEV-0212;Audited base + language mapping;;https://pokecottage.com/pokemon-master-sets/eevee;https://www.elitefourum.com/t/collectors-guide-to-eevee-cards-in-all-languages/62616;Eevee | Cosmic Eclipse | 166/236 | Standard
EVM-0236;No;0;Eevee;Cosmic Eclipse;167/236;Reverse Holo;English;English, French, German, Italian, Spanish, Portuguese;6;Yes;French, German, Italian, Spanish, Portuguese;Released;2019-11-01;01/11/2019;Exact;Original tracker;EEV-0215;Audited base + language mapping;;https://pokecottage.com/pokemon-master-sets/eevee;https://www.elitefourum.com/t/collectors-guide-to-eevee-cards-in-all-languages/62616;Eevee | Cosmic Eclipse | 167/236 | Reverse Holo
EVM-0237;No;0;Eevee;Cosmic Eclipse;167/236;Standard;English;English, French, German, Italian, Spanish, Portuguese;6;Yes;French, German, Italian, Spanish, Portuguese;Released;2019-11-01;01/11/2019;Exact;Original tracker;EEV-0214;Audited base + language mapping;;https://pokecottage.com/pokemon-master-sets/eevee;https://www.elitefourum.com/t/collectors-guide-to-eevee-cards-in-all-languages/62616;Eevee | Cosmic Eclipse | 167/236 | Standard
EVM-0238;No;0;Eevee GX;Sun & Moon Promos;SM233;Holo;English;English, French, German, Italian, Spanish, Portuguese;6;Yes;French, German, Italian, Spanish, Portuguese;Released;2019-11-01;01/11/2019 (Pikachu-GX & Eevee-GX Special Collection, SM233);Exact;Original tracker;EEV-0216;Audited base + language mapping;;https://pokecottage.com/pokemon-master-sets/eevee;https://www.elitefourum.com/t/collectors-guide-to-eevee-cards-in-all-languages/62616;Eevee GX | Sun & Moon Promos | SM233 | Holo
EVM-0239;No;0;Eevee;Sun & Moon Promos;SM235;Cosmos Holo;English;English, French, German, Italian, Spanish, Portuguese;6;Yes;French, German, Italian, Spanish, Portuguese;Released;2019-11-01;01/11/2019 (Pikachu-GX & Eevee-GX Special Collection, SM235);Exact;Original tracker;EEV-0217;Audited base + language mapping;;https://pokecottage.com/pokemon-master-sets/eevee;https://www.elitefourum.com/t/collectors-guide-to-eevee-cards-in-all-languages/62616;Eevee | Sun & Moon Promos | SM235 | Cosmos Holo
EVM-0240;No;0;Eevee;Sky Ruler GX Starter Deck;135/177;Standard;Thai;Thai;1;No;;Released;2019-11-22;22/11/2019;Exact;Global expansion;;Regional/global addition;;https://www.elitefourum.com/t/collectors-guide-to-eevee-cards-in-all-languages/62616;;Eevee | Sky Ruler GX Starter Deck | 135/177 | Standard
EVM-0241;No;0;Eevee;Sky Ruler Set A;139/178;Standard;Thai;Thai, Indonesian;2;Yes;Indonesian;Released;2019-11-22;"Thai 22/11/2019; Indonesian 10/03/2020";Multi-date;Global expansion;;Regional/global addition;;https://www.elitefourum.com/t/collectors-guide-to-eevee-cards-in-all-languages/62616;;Eevee | Sky Ruler Set A | 139/178 | Standard
EVM-0242;No;0;Eevee;Dreams Come True Collection;138/200;Standard;Traditional Chinese;Traditional Chinese;1;No;;Released;2019-12-20;20/12/2019;Exact;Global expansion;;Regional/global addition;;https://www.elitefourum.com/t/collectors-guide-to-eevee-cards-in-all-languages/62616;;Eevee | Dreams Come True Collection | 138/200 | Standard
EVM-0243;No;0;Eevee;Dreams Come True Collection;146/200;Standard;Traditional Chinese;Traditional Chinese;1;No;;Released;2019-12-20;20/12/2019;Exact;Global expansion;;Regional/global addition;;https://www.elitefourum.com/t/collectors-guide-to-eevee-cards-in-all-languages/62616;;Eevee | Dreams Come True Collection | 146/200 | Standard
EVM-0244;No;0;Eevee;Dreams Come True Collection GX Starter Deck;133/176;Standard;Traditional Chinese;Traditional Chinese;1;No;;Released;2019-12-20;20/12/2019;Exact;Global expansion;;Regional/global addition;;https://www.elitefourum.com/t/collectors-guide-to-eevee-cards-in-all-languages/62616;;Eevee | Dreams Come True Collection GX Starter Deck | 133/176 | Standard
EVM-0245;No;0;Eevee GX;Pokémon Medallion Battle Eevee's Ranked Challenge;124/SM-P;Holo / Full Art / Medallion Battle logo;Thai;Thai;1;No;;Released;2019-12-23;23/12/2019;Exact;Global expansion;;Regional/global addition;;https://www.elitefourum.com/t/collectors-guide-to-eevee-cards-in-all-languages/62616;;Eevee GX | Pokémon Medallion Battle Eevee's Ranked Challenge | 124/SM-P | Holo / Full Art / Medallion Battle logo
EVM-0246;No;0;Eevee GX;Pokémon Medallion Battle Eevee's Ranked Challenge;179/SM-P;Holo / Full Art / Medallion Battle logo;Indonesian;Indonesian;1;No;;Released;2019-12-23;23/12/2019;Exact;Global expansion;;Regional/global addition;;https://www.elitefourum.com/t/collectors-guide-to-eevee-cards-in-all-languages/62616;;Eevee GX | Pokémon Medallion Battle Eevee's Ranked Challenge | 179/SM-P | Holo / Full Art / Medallion Battle logo
EVM-0247;No;0;Eevee;Hidden Shadow Random GX Starter Deck;124/146;Standard;Indonesian;Indonesian;1;No;;Released;2019-12-30;30/12/2019;Exact;Global expansion;;Regional/global addition;;https://www.elitefourum.com/t/collectors-guide-to-eevee-cards-in-all-languages/62616;;Eevee | Hidden Shadow Random GX Starter Deck | 124/146 | Standard
EVM-0248;No;0;Eevee & Snorlax-GX;FunFromHome: Bring the Gym Battle Home R3;083/SM-P;Holo / Full Art promo;Thai;Thai;1;No;;Released;2020-01-01;2020;Year;Global expansion;;Regional/global addition;;https://www.elitefourum.com/t/collectors-guide-to-eevee-cards-in-all-languages/62616;;Eevee & Snorlax-GX | FunFromHome: Bring the Gym Battle Home R3 | 083/SM-P | Holo / Full Art promo
EVM-0249;No;0;Eevee GX;Indonesian Regional Championships;132/SM-P;Holo / Full Art / Pokémon League logo;Indonesian;Indonesian;1;No;;Released;2020-01-01;2020;Year;Global expansion;;Regional/global addition;;https://www.elitefourum.com/t/collectors-guide-to-eevee-cards-in-all-languages/62616;;Eevee GX | Indonesian Regional Championships | 132/SM-P | Holo / Full Art / Pokémon League logo
EVM-0250;No;0;Eevee;Korean Sword & Shield Promo Pack 2;033/S-P;Standard promo;Korean;Korean;1;No;;Released;2020-01-01;01/2020–02/2023;Range;Global expansion;;Regional/global addition;;https://bulbapedia.bulbagarden.net/wiki/S-P_Promotional_cards_(KTCG);https://www.elitefourum.com/t/collectors-guide-to-eevee-cards-in-all-languages/62616;Eevee | Korean Sword & Shield Promo Pack 2 | 033/S-P | Standard promo
EVM-0251;No;0;Eevee;Korean Sword & Shield Promo Pack 3;061/S-P;Standard promo;Korean;Korean;1;No;;Released;2020-01-01;01/2020–02/2023;Range;Global expansion;;Regional/global addition;;https://bulbapedia.bulbagarden.net/wiki/S-P_Promotional_cards_(KTCG);https://www.elitefourum.com/t/collectors-guide-to-eevee-cards-in-all-languages/62616;Eevee | Korean Sword & Shield Promo Pack 3 | 061/S-P | Standard promo
EVM-0252;No;0;Eevee;Korean Sword & Shield Promo Pack 4;071/S-P;Standard promo;Korean;Korean;1;No;;Released;2020-01-01;01/2020–02/2023;Range;Global expansion;;Regional/global addition;;https://bulbapedia.bulbagarden.net/wiki/S-P_Promotional_cards_(KTCG);https://www.elitefourum.com/t/collectors-guide-to-eevee-cards-in-all-languages/62616;Eevee | Korean Sword & Shield Promo Pack 4 | 071/S-P | Standard promo
EVM-0253;No;0;Eevee;Korean Sword & Shield Promo Pack 5;088/S-P;Standard promo;Korean;Korean;1;No;;Released;2020-01-01;01/2020–02/2023;Range;Global expansion;;Regional/global addition;;https://bulbapedia.bulbagarden.net/wiki/S-P_Promotional_cards_(KTCG);https://www.elitefourum.com/t/collectors-guide-to-eevee-cards-in-all-languages/62616;Eevee | Korean Sword & Shield Promo Pack 5 | 088/S-P | Standard promo
EVM-0254;No;0;Eevee;Korean Sword & Shield Promo Pack 6;109/S-P;Standard promo;Korean;Korean;1;No;;Released;2020-01-01;01/2020–02/2023;Range;Global expansion;;Regional/global addition;;https://bulbapedia.bulbagarden.net/wiki/S-P_Promotional_cards_(KTCG);https://www.elitefourum.com/t/collectors-guide-to-eevee-cards-in-all-languages/62616;Eevee | Korean Sword & Shield Promo Pack 6 | 109/S-P | Standard promo
EVM-0255;No;0;Eevee;Korean Sword & Shield Promo Pack 7;128/S-P;Standard promo;Korean;Korean;1;No;;Released;2020-01-01;01/2020–02/2023;Range;Global expansion;;Regional/global addition;;https://bulbapedia.bulbagarden.net/wiki/S-P_Promotional_cards_(KTCG);https://www.elitefourum.com/t/collectors-guide-to-eevee-cards-in-all-languages/62616;Eevee | Korean Sword & Shield Promo Pack 7 | 128/S-P | Standard promo
EVM-0256;No;0;Eevee;Korean Sword & Shield Promo Pack 8;140/S-P;Standard promo;Korean;Korean;1;No;;Released;2020-01-01;01/2020–02/2023;Range;Global expansion;;Regional/global addition;;https://bulbapedia.bulbagarden.net/wiki/S-P_Promotional_cards_(KTCG);https://www.elitefourum.com/t/collectors-guide-to-eevee-cards-in-all-languages/62616;Eevee | Korean Sword & Shield Promo Pack 8 | 140/S-P | Standard promo
EVM-0257;No;0;Eevee GX;Mega Gym Battle 2020 winner prize;132/SM-P;Full Art / Pokémon Gym stamp;Indonesian;Indonesian;1;No;;Released;2020-01-01;2020;Year;Global expansion;;Regional/global addition;;https://www.elitefourum.com/t/collectors-guide-to-eevee-cards-in-all-languages/62616;;Eevee GX | Mega Gym Battle 2020 winner prize | 132/SM-P | Full Art / Pokémon Gym stamp
EVM-0258;No;0;Eevee & Snorlax-GX;Pokémon TCG Gym Season 3: Pokémon Day;053/SM-P;Holo / Full Art / Pokémon Gym logo;Traditional Chinese;Traditional Chinese;1;No;;Released;2020-01-01;2020;Year;Global expansion;;Regional/global addition;;https://www.elitefourum.com/t/collectors-guide-to-eevee-cards-in-all-languages/62616;;Eevee & Snorlax-GX | Pokémon TCG Gym Season 3: Pokémon Day | 053/SM-P | Holo / Full Art / Pokémon Gym logo
EVM-0259;No;0;Eevee;Toys Kingdom promotion;174/SM-P;Toys Kingdom logo stamp;Indonesian;Indonesian;1;No;;Released;2020-01-01;2020;Year;Global expansion;;Regional/global addition;;https://www.elitefourum.com/t/collectors-guide-to-eevee-cards-in-all-languages/62616;;Eevee | Toys Kingdom promotion | 174/SM-P | Toys Kingdom logo stamp
EVM-0260;No;0;Eevee & Snorlax-GX;Double Burst GX Starter Deck;118/169;Holo / Full Art;Traditional Chinese;Traditional Chinese, Thai;2;Yes;Thai;Released;2020-02-18;2020;Multi-date;Global expansion;;Regional/global addition;;https://www.elitefourum.com/t/collectors-guide-to-eevee-cards-in-all-languages/62616;;Eevee & Snorlax-GX | Double Burst GX Starter Deck | 118/169 | Holo / Full Art
EVM-0261;No;0;Eevee;Double Burst GX Starter Deck;132/169;Standard;Traditional Chinese;Traditional Chinese, Thai;2;Yes;Thai;Released;2020-02-18;2020;Multi-date;Global expansion;;Regional/global addition;;https://www.elitefourum.com/t/collectors-guide-to-eevee-cards-in-all-languages/62616;;Eevee | Double Burst GX Starter Deck | 132/169 | Standard
EVM-0262;No;0;Eevee & Snorlax-GX;Double Burst Set A;117/184;Holo / Full Art;Traditional Chinese;Traditional Chinese, Thai;2;Yes;Thai;Released;2020-02-18;"TC 18/02/2020; Thai 27/02/2020";Multi-date;Global expansion;;Regional/global addition;;https://www.elitefourum.com/t/collectors-guide-to-eevee-cards-in-all-languages/62616;;Eevee & Snorlax-GX | Double Burst Set A | 117/184 | Holo / Full Art
EVM-0263;No;0;Eevee;Double Burst Set A;135/184;Holo / Full Art;Traditional Chinese;Traditional Chinese, Thai;2;Yes;Thai;Released;2020-02-18;2020;Multi-date;Global expansion;;Regional/global addition;;https://www.elitefourum.com/t/collectors-guide-to-eevee-cards-in-all-languages/62616;;Eevee | Double Burst Set A | 135/184 | Holo / Full Art
EVM-0264;No;0;Eevee & Snorlax-GX;Double Burst Set A;203/184;Holo / Full Art;Traditional Chinese;Traditional Chinese, Thai;2;Yes;Thai;Released;2020-02-18;2020;Multi-date;Global expansion;;Regional/global addition;;https://www.elitefourum.com/t/collectors-guide-to-eevee-cards-in-all-languages/62616;;Eevee & Snorlax-GX | Double Burst Set A | 203/184 | Holo / Full Art
EVM-0265;No;0;Eevee & Snorlax-GX;Double Burst Set A;204/184;Holo / Full Art;Traditional Chinese;Traditional Chinese, Thai;2;Yes;Thai;Released;2020-02-18;2020;Multi-date;Global expansion;;Regional/global addition;;https://www.elitefourum.com/t/collectors-guide-to-eevee-cards-in-all-languages/62616;;Eevee & Snorlax-GX | Double Burst Set A | 204/184 | Holo / Full Art
EVM-0266;No;0;Eevee & Snorlax-GX;Double Burst Set A;222/184;Holo / Full Art;Traditional Chinese;Traditional Chinese, Thai;2;Yes;Thai;Released;2020-02-18;2020;Multi-date;Global expansion;;Regional/global addition;;https://www.elitefourum.com/t/collectors-guide-to-eevee-cards-in-all-languages/62616;;Eevee & Snorlax-GX | Double Burst Set A | 222/184 | Holo / Full Art
EVM-0267;No;0;Eevee GX;Double Burst Set B;148/186;Holo / Full Art;Traditional Chinese;Traditional Chinese, Thai;2;Yes;Thai;Released;2020-02-18;2020;Multi-date;Global expansion;;Regional/global addition;;https://www.elitefourum.com/t/collectors-guide-to-eevee-cards-in-all-languages/62616;;Eevee GX | Double Burst Set B | 148/186 | Holo / Full Art
EVM-0268;No;0;Eevee GX;Double Burst Set B;149/186;Holo / Full Art;Traditional Chinese;Traditional Chinese, Thai;2;Yes;Thai;Released;2020-02-18;2020;Multi-date;Global expansion;;Regional/global addition;;https://www.elitefourum.com/t/collectors-guide-to-eevee-cards-in-all-languages/62616;;Eevee GX | Double Burst Set B | 149/186 | Holo / Full Art
EVM-0269;No;0;Eevee;Sword & Shield Promos;044/S-P;Pokémon TCG Gym;Japanese;Japanese;1;No;;Released;2020-03-01;Marzo–luglio 2020 (044/S-P Pokémon Card Gym Promo Card Pack 2);Range;Original tracker;EEV-0218;Audited base + language mapping;;https://pokecottage.com/pokemon-master-sets/eevee;https://bulbapedia.bulbagarden.net/wiki/Eevee_(TCG);Eevee | Sword & Shield Promos | 044/S-P | Pokémon TCG Gym
EVM-0270;No;0;Eevee GX;Thailand Regional Championships;093/SM-P;Holo / Full Art / Pokémon League logo;Thai;Thai;1;No;;Released;2020-03-01;03/2020;Month;Global expansion;;Regional/global addition;;https://www.elitefourum.com/t/collectors-guide-to-eevee-cards-in-all-languages/62616;;Eevee GX | Thailand Regional Championships | 093/SM-P | Holo / Full Art / Pokémon League logo
EVM-0271;No;0;Eevee;Sky Ruler GX Starter Deck;134/182;Standard;Indonesian;Indonesian;1;No;;Released;2020-03-10;10/03/2020;Exact;Global expansion;;Regional/global addition;;https://www.elitefourum.com/t/collectors-guide-to-eevee-cards-in-all-languages/62616;;Eevee | Sky Ruler GX Starter Deck | 134/182 | Standard
EVM-0272;No;0;Eevee GX;Sun & Moon Promos;SM242;Holo;English;English, French, German, Italian, Spanish;5;Yes;French, German, Italian, Spanish;Released;2020-03-27;27/03/2020 (TAG TEAM Powers Collection, SM242);Exact;Original tracker;EEV-0219;Audited base + language mapping;;https://pokecottage.com/pokemon-master-sets/eevee;https://www.elitefourum.com/t/collectors-guide-to-eevee-cards-in-all-languages/62616;Eevee GX | Sun & Moon Promos | SM242 | Holo
EVM-0273;No;0;Eevee GX;Sun & Moon Promos;SM242;Jumbo;English;English, French, German, Italian, Spanish;5;Yes;French, German, Italian, Spanish;Released;2020-03-27;27/03/2020 (TAG TEAM Powers Collection, SM242);Exact;Original tracker;EEV-0220;Audited base + language mapping;;https://pokecottage.com/pokemon-master-sets/eevee;https://www.elitefourum.com/t/collectors-guide-to-eevee-cards-in-all-languages/62616;Eevee GX | Sun & Moon Promos | SM242 | Jumbo
EVM-0274;No;0;Eevee;Legendary Clash Set A;148/196;Standard;Traditional Chinese;Traditional Chinese, Thai;2;Yes;Thai;Released;2020-04-10;"TC 10/04/2020; Thai 24/05/2020";Multi-date;Global expansion;;Regional/global addition;;https://www.elitefourum.com/t/collectors-guide-to-eevee-cards-in-all-languages/62616;;Eevee | Legendary Clash Set A | 148/196 | Standard
EVM-0275;No;0;Eevee;Legendary Clash Set B;148/196;Standard;Traditional Chinese;Traditional Chinese, Thai;2;Yes;Thai;Released;2020-04-10;"TC 10/04/2020; Thai 24/05/2020";Multi-date;Global expansion;;Regional/global addition;;https://www.elitefourum.com/t/collectors-guide-to-eevee-cards-in-all-languages/62616;;Eevee | Legendary Clash Set B | 148/196 | Standard
EVM-0276;No;0;Eevee;Sword & Shield - Set B;118/153;Standard;Traditional Chinese;Traditional Chinese, Thai, Indonesian;3;Yes;Thai, Indonesian;Released;2020-06-19;"TC 19/06/2020; Thai 08/09/2020; ID 21/11/2020";Multi-date;Global expansion;;Regional/global addition;;https://www.elitefourum.com/t/collectors-guide-to-eevee-cards-in-all-languages/62616;;Eevee | Sword & Shield - Set B | 118/153 | Standard
EVM-0277;No;0;Eevee;Battle Academy 2020: Charizard Deck;49/68;Charizard Deck stamp #26;English;English, French, German, Italian;4;Yes;French, German, Italian;Released;2020-06-21;"21/06/2020 (Target USA); 31/07/2020 uscita internazionale";Range;Original tracker;EEV-0221;Audited base + language mapping;"Distinct numbered Battle Academy stamp; deck position 26.";https://pokecottage.com/pokemon-master-sets/eevee;https://www.elitefourum.com/t/collectors-guide-to-eevee-cards-in-all-languages/62616;Eevee | Battle Academy 2020: Charizard Deck | 49/68 | Charizard Deck stamp #26
EVM-0278;No;0;Eevee;Battle Academy 2020: Charizard Deck;49/68;Charizard Deck stamp #36;English;English, French, German, Italian;4;Yes;French, German, Italian;Released;2020-06-21;"21/06/2020 (Target USA); 31/07/2020 uscita internazionale";Range;Original tracker;EEV-0222;Audited base + language mapping;"Distinct numbered Battle Academy stamp; deck position 36.";https://pokecottage.com/pokemon-master-sets/eevee;https://www.elitefourum.com/t/collectors-guide-to-eevee-cards-in-all-languages/62616;Eevee | Battle Academy 2020: Charizard Deck | 49/68 | Charizard Deck stamp #36
EVM-0279;No;0;Eevee;Battle Academy 2020: Mewtwo Deck;49/68;Mewtwo Deck;English;English, French, German, Italian;4;Yes;French, German, Italian;Released;2020-06-21;"21/06/2020 (Target USA); 31/07/2020 uscita internazionale";Range;Original tracker;EEV-0223;Audited base + language mapping;;https://pokecottage.com/pokemon-master-sets/eevee;https://www.elitefourum.com/t/collectors-guide-to-eevee-cards-in-all-languages/62616;Eevee | Battle Academy 2020: Mewtwo Deck | 49/68 | Mewtwo Deck
EVM-0280;No;0;Eevee & Snorlax-GX;Tag Team Collection GX Starter Deck;120/172;Holo / Full Art;Indonesian;Indonesian;1;No;;Released;2020-07-10;10/07/2020;Exact;Global expansion;;Regional/global addition;;https://www.elitefourum.com/t/collectors-guide-to-eevee-cards-in-all-languages/62616;;Eevee & Snorlax-GX | Tag Team Collection GX Starter Deck | 120/172 | Holo / Full Art
EVM-0281;No;0;Eevee GX;Tag Team Collection GX Starter Deck;127/172;Standard;Indonesian;Indonesian;1;No;;Released;2020-07-10;10/07/2020;Exact;Global expansion;;Regional/global addition;;https://www.elitefourum.com/t/collectors-guide-to-eevee-cards-in-all-languages/62616;;Eevee GX | Tag Team Collection GX Starter Deck | 127/172 | Standard
EVM-0282;No;0;Eevee;Tag Team Collection Set A;143/205;Standard;Indonesian;Indonesian;1;No;;Released;2020-07-10;10/07/2020;Exact;Global expansion;;Regional/global addition;;https://www.elitefourum.com/t/collectors-guide-to-eevee-cards-in-all-languages/62616;;Eevee | Tag Team Collection Set A | 143/205 | Standard
EVM-0283;No;0;Eevee GX;Tag Team Collection Set A;144/205;Holo / Full Art;Indonesian;Indonesian;1;No;;Released;2020-07-10;10/07/2020;Exact;Global expansion;;Regional/global addition;;https://www.elitefourum.com/t/collectors-guide-to-eevee-cards-in-all-languages/62616;;Eevee GX | Tag Team Collection Set A | 144/205 | Holo / Full Art
EVM-0284;No;0;Eevee;Tag Team Collection Set B;134/204;Standard;Indonesian;Indonesian;1;No;;Released;2020-07-10;10/07/2020;Exact;Global expansion;;Regional/global addition;;https://www.elitefourum.com/t/collectors-guide-to-eevee-cards-in-all-languages/62616;;Eevee | Tag Team Collection Set B | 134/204 | Standard
EVM-0285;No;0;Eevee & Snorlax-GX;Tag Team Collection Set B;238/204;Holo / Full Art;Indonesian;Indonesian;1;No;;Released;2020-07-10;10/07/2020;Exact;Global expansion;;Regional/global addition;;https://www.elitefourum.com/t/collectors-guide-to-eevee-cards-in-all-languages/62616;;Eevee & Snorlax-GX | Tag Team Collection Set B | 238/204 | Holo / Full Art
EVM-0286;No;0;Eevee & Snorlax-GX;Tag Team Collection Set B;239/204;Holo / Full Art;Indonesian;Indonesian;1;No;;Released;2020-07-10;10/07/2020;Exact;Global expansion;;Regional/global addition;;https://www.elitefourum.com/t/collectors-guide-to-eevee-cards-in-all-languages/62616;;Eevee & Snorlax-GX | Tag Team Collection Set B | 239/204 | Holo / Full Art
EVM-0287;No;0;Eevee & Snorlax-GX;Tag Team Collection Set B;283/204;Holo / Full Art;Indonesian;Indonesian;1;No;;Released;2020-07-10;10/07/2020;Exact;Global expansion;;Regional/global addition;;https://www.elitefourum.com/t/collectors-guide-to-eevee-cards-in-all-languages/62616;;Eevee & Snorlax-GX | Tag Team Collection Set B | 283/204 | Holo / Full Art
EVM-0288;No;0;Eevee V;V Starter Decks;075/125;Standard;Japanese;Japanese;1;No;;Released;2020-07-10;10/07/2020;Exact;Original tracker;EEV-0225;Audited base + language mapping;;https://pokecottage.com/pokemon-master-sets/eevee;https://www.elitefourum.com/t/collectors-guide-to-eevee-cards-in-all-languages/62616;Eevee V | V Starter Decks | 075/125 | Standard
EVM-0289;No;0;Eevee;Sword & Shield Promos;100/S-P;V Start Battle Prize;Japanese;Japanese;1;No;;Released;2020-07-23;23/07/2020 (100/S-P V Starter Decks Battle promo);Exact;Original tracker;EEV-0226;Audited base + language mapping;;https://pokecottage.com/pokemon-master-sets/eevee;https://bulbapedia.bulbagarden.net/wiki/Eevee_(TCG);Eevee | Sword & Shield Promos | 100/S-P | V Start Battle Prize
EVM-0290;No;0;Eevee VMAX;Sword & Shield Promos;101/S-P;V Start Prize;Japanese;Japanese;1;No;;Released;2020-07-23;23/07/2020 (101/S-P V Start prize);Exact;Original tracker;EEV-0227;Audited base + language mapping;;https://pokecottage.com/pokemon-master-sets/eevee;https://bulbapedia.bulbagarden.net/wiki/Eevee_(TCG);Eevee VMAX | Sword & Shield Promos | 101/S-P | V Start Prize
EVM-0291;No;0;Eevee & Snorlax-GX;Indomaret booster pack purchase;166/SM-P;Holo / Full Art / Indomaret stamp;Indonesian;Indonesian;1;No;;Released;2020-07-25;25/07–31/08/2020;Range;Global expansion;;Regional/global addition;;https://www.elitefourum.com/t/collectors-guide-to-eevee-cards-in-all-languages/62616;;Eevee & Snorlax-GX | Indomaret booster pack purchase | 166/SM-P | Holo / Full Art / Indomaret stamp
EVM-0292;No;0;Eevee;Pokémon Card Gym Newcomer Challenge;027/S-P;Pokémon Gym logo;Traditional Chinese;Traditional Chinese;1;No;;Released;2020-08-01;08–10/2020;Range;Global expansion;;Regional/global addition;;https://www.elitefourum.com/t/collectors-guide-to-eevee-cards-in-all-languages/62616;;Eevee | Pokémon Card Gym Newcomer Challenge | 027/S-P | Pokémon Gym logo
EVM-0293;No;0;Eevee;Sword & Shield Promos;SWSH042;Cosmos Holo;English;English, French, German;3;Yes;French, German;Released;2020-08-14;14/08/2020 (Darkness Ablaze Triple Blister promo);Exact;Original tracker;EEV-0228;Audited base + language mapping;;https://pokecottage.com/pokemon-master-sets/eevee;https://www.elitefourum.com/t/collectors-guide-to-eevee-cards-in-all-languages/62616;Eevee | Sword & Shield Promos | SWSH042 | Cosmos Holo
EVM-0294;No;0;Eevee V;Infinite Power;123/145;Holo / Full Art;Traditional Chinese;Traditional Chinese;1;No;;Released;2020-08-21;21/08/2020;Exact;Global expansion;;Regional/global addition;;https://www.elitefourum.com/t/collectors-guide-to-eevee-cards-in-all-languages/62616;;Eevee V | Infinite Power | 123/145 | Holo / Full Art
EVM-0295;No;0;Eevee GX;Pokémon Medallion Battle Eevee's Ranked Challenge;094/SM-P;Holo / Full Art / Medallion Battle logo;Traditional Chinese;Traditional Chinese;1;No;;Released;2020-08-25;25/08–30/09/2020;Range;Global expansion;;Regional/global addition;;https://www.elitefourum.com/t/collectors-guide-to-eevee-cards-in-all-languages/62616;;Eevee GX | Pokémon Medallion Battle Eevee's Ranked Challenge | 094/SM-P | Holo / Full Art / Medallion Battle logo
EVM-0296;No;0;Eevee;Online Gym Battle Tournament;023/S-P;Gym stamp;Thai;Thai;1;No;;Released;2020-09-01;09/2020–07/2021;Range;Global expansion;;Regional/global addition;;https://www.elitefourum.com/t/collectors-guide-to-eevee-cards-in-all-languages/62616;;Eevee | Online Gym Battle Tournament | 023/S-P | Gym stamp
EVM-0297;No;0;Eevee;Pokémon Card Gym Promo;034/S-P;Gym stamp;Thai;Thai;1;No;;Released;2020-09-01;09/2020–07/2021;Range;Global expansion;;Regional/global addition;;https://www.elitefourum.com/t/collectors-guide-to-eevee-cards-in-all-languages/62616;;Eevee | Pokémon Card Gym Promo | 034/S-P | Gym stamp
EVM-0298;No;0;Eevee;Pokémon Card Gym Promo;046/S-P;Gym stamp;Thai;Thai;1;No;;Released;2020-09-01;09/2020–07/2021;Range;Global expansion;;Regional/global addition;;https://www.elitefourum.com/t/collectors-guide-to-eevee-cards-in-all-languages/62616;;Eevee | Pokémon Card Gym Promo | 046/S-P | Gym stamp
EVM-0299;No;0;Eevee;Pokémon Card Gym Promo;054/S-P;Gym stamp;Thai;Thai;1;No;;Released;2020-09-01;09/2020–07/2021;Range;Global expansion;;Regional/global addition;;https://www.elitefourum.com/t/collectors-guide-to-eevee-cards-in-all-languages/62616;;Eevee | Pokémon Card Gym Promo | 054/S-P | Gym stamp
EVM-0300;No;0;Eevee;Sword & Shield Promos;075/S-P;Pokémon TCG Gym;Japanese;Japanese;1;No;;Released;2020-09-01;Settembre–dicembre 2020 (075/S-P Pokémon Card Gym Promo Card Pack 4);Range;Original tracker;EEV-0224;Audited base + language mapping;;https://pokecottage.com/pokemon-master-sets/eevee;https://bulbapedia.bulbagarden.net/wiki/Eevee_(TCG);Eevee | Sword & Shield Promos | 075/S-P | Pokémon TCG Gym
EVM-0301;No;0;Eevee;Sword & Shield Promos;117/S-P;Pokémon TCG Gym;Japanese;Japanese;1;No;;Released;2020-09-01;Settembre–dicembre 2020 (117/S-P Pokémon Card Gym Promo Card Pack 4);Range;Original tracker;EEV-0232;Audited base + language mapping;;https://pokecottage.com/pokemon-master-sets/eevee;https://bulbapedia.bulbagarden.net/wiki/Eevee_(TCG);Eevee | Sword & Shield Promos | 117/S-P | Pokémon TCG Gym
EVM-0302;No;0;Eevee V;Sword & Shield Promos;SWSH065;Holo;English;English, French, German, Italian, Spanish, Portuguese;6;Yes;French, German, Italian, Spanish, Portuguese;Released;2020-09-04;04/09/2020 (V Powers Tin, Eevee V);Exact;Original tracker;EEV-0229;Audited base + language mapping;;https://pokecottage.com/pokemon-master-sets/eevee;https://www.elitefourum.com/t/collectors-guide-to-eevee-cards-in-all-languages/62616;Eevee V | Sword & Shield Promos | SWSH065 | Holo
EVM-0303;No;0;Eevee on the Ball;Pokémon Futsal;002/005;Standard;English;English;1;No;;Released;2020-09-11;11/09/2020;Exact;Original tracker;EEV-0230;Audited base + language mapping;;https://pokecottage.com/pokemon-master-sets/eevee;https://www.elitefourum.com/t/collectors-guide-to-eevee-cards-in-all-languages/62616;Eevee on the Ball | Pokémon Futsal | 002/005 | Standard
EVM-0304;No;0;Eevee;Amazing Volt Tackle;083/100;Standard;Japanese;Japanese;1;No;;Released;2020-09-18;18/09/2020;Exact;Original tracker;EEV-0231;Audited base + language mapping;;https://pokecottage.com/pokemon-master-sets/eevee;https://bulbapedia.bulbagarden.net/wiki/Eevee_(Vivid_Voltage_130);Eevee | Amazing Volt Tackle | 083/100 | Standard
EVM-0305;No;0;Eevee;Pokémon Card Gym Promo;036/S-P;Pokémon Gym logo;Traditional Chinese;Traditional Chinese;1;No;;Released;2020-10-01;10/2020;Month;Global expansion;;Regional/global addition;;https://www.elitefourum.com/t/collectors-guide-to-eevee-cards-in-all-languages/62616;;Eevee | Pokémon Card Gym Promo | 036/S-P | Pokémon Gym logo
EVM-0306;No;0;Eevee;Pokémon Card Gym Novice Challenge;015/S-P;Gym stamp;Thai;Thai, Indonesian;2;Yes;Indonesian;Released;2020-11-01;11/2020–01/2021;Range;Global expansion;;Regional/global addition;;https://www.elitefourum.com/t/collectors-guide-to-eevee-cards-in-all-languages/62616;;Eevee | Pokémon Card Gym Novice Challenge | 015/S-P | Gym stamp
EVM-0307;No;0;Eevee;Vivid Voltage;130/185;Reverse Holo;English;English, French, German, Italian, Spanish, Portuguese;6;Yes;French, German, Italian, Spanish, Portuguese;Released;2020-11-13;13/11/2020;Exact;Original tracker;EEV-0234;Audited base + language mapping;;https://pokecottage.com/pokemon-master-sets/eevee;https://www.elitefourum.com/t/collectors-guide-to-eevee-cards-in-all-languages/62616;Eevee | Vivid Voltage | 130/185 | Reverse Holo
EVM-0308;No;0;Eevee;Vivid Voltage;130/185;Standard;English;English, French, German, Italian, Spanish, Portuguese;6;Yes;French, German, Italian, Spanish, Portuguese;Released;2020-11-13;13/11/2020;Exact;Original tracker;EEV-0233;Audited base + language mapping;;https://pokecottage.com/pokemon-master-sets/eevee;https://www.elitefourum.com/t/collectors-guide-to-eevee-cards-in-all-languages/62616;Eevee | Vivid Voltage | 130/185 | Standard
EVM-0309;No;0;Eevee V;Partners V Starter Deck;083/135;Holo / Full Art;Traditional Chinese;Traditional Chinese, Thai, Indonesian;3;Yes;Thai, Indonesian;Released;2020-11-27;"TC 27/11/2020; Thai 29/01/2021; ID 21/03/2021";Multi-date;Global expansion;;Regional/global addition;;https://www.elitefourum.com/t/collectors-guide-to-eevee-cards-in-all-languages/62616;;Eevee V | Partners V Starter Deck | 083/135 | Holo / Full Art
EVM-0310;No;0;Eevee;Pokémon Card Gym Promo;072/S-P;Pokémon Gym logo;Traditional Chinese;Traditional Chinese;1;No;;Released;2021-01-01;01/2021;Month;Global expansion;;Regional/global addition;;https://www.elitefourum.com/t/collectors-guide-to-eevee-cards-in-all-languages/62616;;Eevee | Pokémon Card Gym Promo | 072/S-P | Pokémon Gym logo
EVM-0311;No;0;Eevee;Challenge V Starter Deck;106/156;Standard;Traditional Chinese;Traditional Chinese, Thai, Indonesian;3;Yes;Thai, Indonesian;Released;2021-01-29;"TC 29/01/2021; Thai 26/03/2021; ID 21/05/2021";Multi-date;Global expansion;;Regional/global addition;;https://www.elitefourum.com/t/collectors-guide-to-eevee-cards-in-all-languages/62616;;Eevee | Challenge V Starter Deck | 106/156 | Standard
EVM-0312;No;0;Eevee V;Challenge V Starter Deck;107/156;Holo / Full Art;Traditional Chinese;Traditional Chinese, Thai, Indonesian;3;Yes;Thai, Indonesian;Released;2021-01-29;"TC 29/01/2021; Thai 26/03/2021; ID 21/05/2021";Multi-date;Global expansion;;Regional/global addition;;https://www.elitefourum.com/t/collectors-guide-to-eevee-cards-in-all-languages/62616;;Eevee V | Challenge V Starter Deck | 107/156 | Holo / Full Art
EVM-0313;No;0;Eevee VMAX;Challenge V Starter Deck;108/156;Holo / Full Art;Traditional Chinese;Traditional Chinese, Thai, Indonesian;3;Yes;Thai, Indonesian;Released;2021-01-29;"TC 29/01/2021; Thai 26/03/2021; ID 21/05/2021";Multi-date;Global expansion;;Regional/global addition;;https://www.elitefourum.com/t/collectors-guide-to-eevee-cards-in-all-languages/62616;;Eevee VMAX | Challenge V Starter Deck | 108/156 | Holo / Full Art
EVM-0314;No;0;Eevee;Shiny VMAX Collection - Set A;115/159;Standard;Thai;Thai, Indonesian;2;Yes;Indonesian;Released;2021-01-29;"Thai 29/01/2021; Indonesian 21/03/2021";Multi-date;Global expansion;;Regional/global addition;;https://www.elitefourum.com/t/collectors-guide-to-eevee-cards-in-all-languages/62616;;Eevee | Shiny VMAX Collection - Set A | 115/159 | Standard
EVM-0315;No;0;Eevee;Shiny VMAX Collection - Set A;116/159;Standard;Thai;Thai, Indonesian;2;Yes;Indonesian;Released;2021-01-29;"Thai 29/01/2021; Indonesian 21/03/2021";Multi-date;Global expansion;;Regional/global addition;;https://www.elitefourum.com/t/collectors-guide-to-eevee-cards-in-all-languages/62616;;Eevee | Shiny VMAX Collection - Set A | 116/159 | Standard
EVM-0316;No;0;Eevee V;Shiny VMAX Collection - Set B;125/158;Holo / Full Art;Thai;Thai, Indonesian;2;Yes;Indonesian;Released;2021-01-29;"Thai 29/01/2021; ID 21/03/2021";Multi-date;Global expansion;;Regional/global addition;;https://www.elitefourum.com/t/collectors-guide-to-eevee-cards-in-all-languages/62616;;Eevee V | Shiny VMAX Collection - Set B | 125/158 | Holo / Full Art
EVM-0317;No;0;Eevee;Shining Fates;052/072;Reverse Holo;English;English, French, German, Italian, Spanish, Portuguese;6;Yes;French, German, Italian, Spanish, Portuguese;Released;2021-02-19;19/02/2021;Exact;Original tracker;EEV-0238;Audited base + language mapping;;https://pokecottage.com/pokemon-master-sets/eevee;https://www.elitefourum.com/t/collectors-guide-to-eevee-cards-in-all-languages/62616;Eevee | Shining Fates | 052/072 | Reverse Holo
EVM-0318;No;0;Eevee;Shining Fates;052/072;Standard;English;English, French, German, Italian, Spanish, Portuguese;6;Yes;French, German, Italian, Spanish, Portuguese;Released;2021-02-19;19/02/2021;Exact;Original tracker;EEV-0237;Audited base + language mapping;;https://pokecottage.com/pokemon-master-sets/eevee;https://www.elitefourum.com/t/collectors-guide-to-eevee-cards-in-all-languages/62616;Eevee | Shining Fates | 052/072 | Standard
EVM-0319;No;0;Eevee VMAX;Sword & Shield Promos;SWSH087;Holo;English;English, French, German, Italian, Spanish;5;Yes;French, German, Italian, Spanish;Released;2021-02-19;19/02/2021 (Shining Fates ETB promo);Exact;Original tracker;EEV-0239;Audited base + language mapping;;https://pokecottage.com/pokemon-master-sets/eevee;https://www.elitefourum.com/t/collectors-guide-to-eevee-cards-in-all-languages/62616;Eevee VMAX | Sword & Shield Promos | SWSH087 | Holo
EVM-0320;No;0;Eevee;KFC Chaki Kids Meal promotion;186/SM-P;KFC logo stamp;Indonesian;Indonesian;1;No;;Released;2021-03-01;03/2021;Month;Global expansion;;Regional/global addition;;https://www.elitefourum.com/t/collectors-guide-to-eevee-cards-in-all-languages/62616;;Eevee | KFC Chaki Kids Meal promotion | 186/SM-P | KFC logo stamp
EVM-0321;No;0;Eevee;Pokémon Card Gym Promo;041/S-P;Gym stamp;Indonesian;Indonesian;1;No;;Released;2021-03-01;03/2021;Month;Global expansion;;Regional/global addition;;https://www.elitefourum.com/t/collectors-guide-to-eevee-cards-in-all-languages/62616;;Eevee | Pokémon Card Gym Promo | 041/S-P | Gym stamp
EVM-0322;No;0;Eevee;Sword & Shield Promos;163/S-P;Pokémon TCG Gym;Japanese;Japanese;1;No;;Released;2021-03-01;Marzo–giugno 2021 (163/S-P Pokémon Card Gym Promo Card Pack 5);Range;Original tracker;EEV-0236;Audited base + language mapping;;https://pokecottage.com/pokemon-master-sets/eevee;https://bulbapedia.bulbagarden.net/wiki/Eevee_(TCG);Eevee | Sword & Shield Promos | 163/S-P | Pokémon TCG Gym
EVM-0323;No;0;Eevee;Sword & Shield Promos;SWSH095;Cosmos Holo;English;English, French, German;3;Yes;French, German;Released;2021-03-19;19/03/2021 (Battle Styles Triple Blister promo);Exact;Original tracker;EEV-0240;Audited base + language mapping;;https://pokecottage.com/pokemon-master-sets/eevee;https://www.elitefourum.com/t/collectors-guide-to-eevee-cards-in-all-languages/62616;Eevee | Sword & Shield Promos | SWSH095 | Cosmos Holo
EVM-0324;No;0;Eevee;Pokémon Card Gym Promo;063/S-P;Gym stamp;Indonesian;Indonesian;1;No;;Released;2021-05-01;05–08/2021;Range;Global expansion;;Regional/global addition;;https://www.elitefourum.com/t/collectors-guide-to-eevee-cards-in-all-languages/62616;;Eevee | Pokémon Card Gym Promo | 063/S-P | Gym stamp
EVM-0325;No;0;Eevee;Pokémon Card Gym Promo;098/S-P;Pokémon Gym logo;Traditional Chinese;Traditional Chinese;1;No;;Released;2021-05-01;05/2021;Month;Global expansion;;Regional/global addition;;https://www.elitefourum.com/t/collectors-guide-to-eevee-cards-in-all-languages/62616;;Eevee | Pokémon Card Gym Promo | 098/S-P | Pokémon Gym logo
EVM-0326;No;0;Eevee;Eevee Heroes;58/69;Standard;Japanese;Japanese, Korean, Traditional Chinese, Thai, Indonesian;5;Yes;Korean, Traditional Chinese, Thai, Indonesian;Released;2021-05-28;28/05/2021;Exact;Original tracker;EEV-0241;Audited base + language mapping;;https://pokecottage.com/pokemon-master-sets/eevee;https://www.elitefourum.com/t/collectors-guide-to-eevee-cards-in-all-languages/62616;Eevee | Eevee Heroes | 58/69 | Standard
EVM-0327;No;0;Eevee;INACO Mini Jelly Konnyaku;099/S-P;INACO logo stamp;Indonesian;Indonesian;1;No;;Released;2021-06-01;06–08/2021;Range;Global expansion;;Regional/global addition;;https://www.elitefourum.com/t/collectors-guide-to-eevee-cards-in-all-languages/62616;;Eevee | INACO Mini Jelly Konnyaku | 099/S-P | INACO logo stamp
EVM-0328;No;0;Eevee;Sword & Shield Promos;SWSH118;Cosmos Holo;English;English, French, German;3;Yes;French, German;Released;2021-06-18;18/06/2021 (Chilling Reign Triple Blister promo);Exact;Original tracker;EEV-0242;Audited base + language mapping;;https://pokecottage.com/pokemon-master-sets/eevee;https://www.elitefourum.com/t/collectors-guide-to-eevee-cards-in-all-languages/62616;Eevee | Sword & Shield Promos | SWSH118 | Cosmos Holo
EVM-0329;No;0;Eevee;Pokémon Card Gym Promo;107/S-P;Pokémon Gym logo;Traditional Chinese;Traditional Chinese;1;No;;Released;2021-07-01;07/2021;Month;Global expansion;;Regional/global addition;;https://www.elitefourum.com/t/collectors-guide-to-eevee-cards-in-all-languages/62616;;Eevee | Pokémon Card Gym Promo | 107/S-P | Pokémon Gym logo
EVM-0330;No;0;Eevee;Sword & Shield Promos;181/S-P;Pokémon TCG Gym;Japanese;Japanese;1;No;;Released;2021-07-01;Luglio–settembre 2021 (181/S-P Pokémon Card Gym Promo Card Pack 6);Range;Original tracker;EEV-0243;Audited base + language mapping;;https://pokecottage.com/pokemon-master-sets/eevee;https://bulbapedia.bulbagarden.net/wiki/Eevee_(TCG);Eevee | Sword & Shield Promos | 181/S-P | Pokémon TCG Gym
EVM-0331;No;0;Eevee;Sword & Shield Family Pokémon Card Game;037/053;Standard;Japanese;Japanese, Korean, Traditional Chinese, Simplified Chinese;4;Yes;Korean, Traditional Chinese, Simplified Chinese;Released;2021-07-09;09/07/2021;Exact;Original tracker;EEV-0244;Audited base + language mapping;"Numero normalizzato a 037/053; accorpata la localizzazione Simplified Chinese EEV-0311.";https://pokecottage.com/pokemon-master-sets/eevee;https://www.elitefourum.com/t/collectors-guide-to-eevee-cards-in-all-languages/62616;Eevee | Sword & Shield Family Pokémon Card Game | 037/053 | Standard
EVM-0332;No;0;Eevee;Evolving Skies;125/203;Reverse Holo;English;English, French, German, Italian, Spanish, Portuguese;6;Yes;French, German, Italian, Spanish, Portuguese;Released;2021-08-27;27/08/2021;Exact;Original tracker;EEV-0246;Audited base + language mapping;;https://pokecottage.com/pokemon-master-sets/eevee;https://www.elitefourum.com/t/collectors-guide-to-eevee-cards-in-all-languages/62616;Eevee | Evolving Skies | 125/203 | Reverse Holo
EVM-0333;No;0;Eevee;Evolving Skies;125/203;Standard;English;English, French, German, Italian, Spanish, Portuguese;6;Yes;French, German, Italian, Spanish, Portuguese;Released;2021-08-27;27/08/2021;Exact;Original tracker;EEV-0245;Audited base + language mapping;;https://pokecottage.com/pokemon-master-sets/eevee;https://www.elitefourum.com/t/collectors-guide-to-eevee-cards-in-all-languages/62616;Eevee | Evolving Skies | 125/203 | Standard
EVM-0334;No;0;Eevee;Sword & Shield Promos;SWSH127;Cosmos Holo;English;English, French;2;Yes;French;Released;2021-08-27;27/08/2021 (Evolving Skies Single Blister promo);Exact;Original tracker;EEV-0247;Audited base + language mapping;;https://pokecottage.com/pokemon-master-sets/eevee;https://www.elitefourum.com/t/collectors-guide-to-eevee-cards-in-all-languages/62616;Eevee | Sword & Shield Promos | SWSH127 | Cosmos Holo
EVM-0335;No;0;Eevee;Sword & Shield Promos;220/S-P;Pokémon TCG Gym;Japanese;Japanese;1;No;;Released;2021-09-01;Settembre–novembre 2021 (220/S-P Pokémon Card Gym Promo Card Pack 7);Range;Original tracker;EEV-0248;Audited base + language mapping;;https://pokecottage.com/pokemon-master-sets/eevee;https://bulbapedia.bulbagarden.net/wiki/Eevee_(TCG);Eevee | Sword & Shield Promos | 220/S-P | Pokémon TCG Gym
EVM-0336;No;0;Eevee;Pokémon Card Gym Promo;108/S-P;Gym stamp;Indonesian;Indonesian;1;No;;Released;2021-10-01;10/2021;Month;Global expansion;;Regional/global addition;;https://www.elitefourum.com/t/collectors-guide-to-eevee-cards-in-all-languages/62616;;Eevee | Pokémon Card Gym Promo | 108/S-P | Gym stamp
EVM-0337;No;0;Eevee;Pokémon Card Gym Promo;121/S-P;Pokémon Gym logo;Traditional Chinese;Traditional Chinese;1;No;;Released;2021-10-01;10/2021;Month;Global expansion;;Regional/global addition;;https://www.elitefourum.com/t/collectors-guide-to-eevee-cards-in-all-languages/62616;;Eevee | Pokémon Card Gym Promo | 121/S-P | Pokémon Gym logo
EVM-0338;No;0;Eevee;Strength V Starter Deck;110/159;Standard;Traditional Chinese;Traditional Chinese, Thai, Indonesian;3;Yes;Thai, Indonesian;Released;2021-10-08;"TC 08/10/2021; ID 21/01/2022; Thai 25/02/2022";Multi-date;Global expansion;;Regional/global addition;;https://www.elitefourum.com/t/collectors-guide-to-eevee-cards-in-all-languages/62616;;Eevee | Strength V Starter Deck | 110/159 | Standard
EVM-0339;No;0;Eevee;Vivid Voltage;130/185;Reverse Holo (Cosmos);English;English, French, German, Italian, Spanish, Portuguese;6;Yes;French, German, Italian, Spanish, Portuguese;Released;2021-10-20;"Fine ottobre 2021 (Costco Kanto Friends Tins; giorno esatto non documentato)";Range;Original tracker;EEV-0235;Audited base + language mapping;;https://pokecottage.com/pokemon-master-sets/eevee;https://www.elitefourum.com/t/collectors-guide-to-eevee-cards-in-all-languages/62616;Eevee | Vivid Voltage | 130/185 | Reverse Holo (Cosmos)
EVM-0340;No;0;Eevee;Pokémon Card Gym Promo;211/S-P;Gym stamp;Indonesian;Indonesian;1;No;;Released;2021-11-01;11–12/2021;Range;Global expansion;;Regional/global addition;;https://www.elitefourum.com/t/collectors-guide-to-eevee-cards-in-all-languages/62616;;Eevee | Pokémon Card Gym Promo | 211/S-P | Gym stamp
EVM-0341;No;0;Eevee;Sword & Shield PokéBall Gift Box;144/S-P;Reverse Holo;Traditional Chinese;Traditional Chinese;1;No;;Released;2021-11-01;11/2021–01/2022;Range;Global expansion;;Regional/global addition;;https://www.elitefourum.com/t/collectors-guide-to-eevee-cards-in-all-languages/62616;;Eevee | Sword & Shield PokéBall Gift Box | 144/S-P | Reverse Holo
EVM-0342;No;0;Eevee;Sword & Shield Promos;239/S-P;Pokémon TCG Gym;Japanese;Japanese;1;No;;Released;2021-11-01;Novembre 2021–gennaio 2022 (239/S-P Pokémon Card Gym Promo Card Pack 8);Range;Original tracker;EEV-0249;Audited base + language mapping;;https://pokecottage.com/pokemon-master-sets/eevee;https://bulbapedia.bulbagarden.net/wiki/Eevee_(TCG);Eevee | Sword & Shield Promos | 239/S-P | Pokémon TCG Gym
EVM-0343;No;0;Eevee;Fusion Strike;205/264;Reverse Holo;English;English, French, German, Italian, Spanish, Portuguese;6;Yes;French, German, Italian, Spanish, Portuguese;Released;2021-11-12;12/11/2021;Exact;Original tracker;EEV-0251;Audited base + language mapping;;https://pokecottage.com/pokemon-master-sets/eevee;https://www.elitefourum.com/t/collectors-guide-to-eevee-cards-in-all-languages/62616;Eevee | Fusion Strike | 205/264 | Reverse Holo
EVM-0344;No;0;Eevee;Fusion Strike;205/264;Standard;English;English, French, German, Italian, Spanish, Portuguese;6;Yes;French, German, Italian, Spanish, Portuguese;Released;2021-11-12;12/11/2021;Exact;Original tracker;EEV-0250;Audited base + language mapping;;https://pokecottage.com/pokemon-master-sets/eevee;https://www.elitefourum.com/t/collectors-guide-to-eevee-cards-in-all-languages/62616;Eevee | Fusion Strike | 205/264 | Standard
EVM-0345;No;0;Eevee;Sword & Shield Promos;SWSH175;Cosmos Holo;English;English, French, German;3;Yes;French, German;Released;2021-11-12;12/11/2021 (Fusion Strike Triple Blister promo);Exact;Original tracker;EEV-0252;Audited base + language mapping;;https://pokecottage.com/pokemon-master-sets/eevee;https://www.elitefourum.com/t/collectors-guide-to-eevee-cards-in-all-languages/62616;Eevee | Sword & Shield Promos | SWSH175 | Cosmos Holo
EVM-0346;No;0;Eevee;Family Pokémon Card Game: Cinderace V Deck;025/038;Cinderace red silhouette stamp;Thai;Thai;1;No;;Released;2021-11-26;26/11/2021;Exact;Global expansion;;Regional/global addition;;https://www.elitefourum.com/t/collectors-guide-to-eevee-cards-in-all-languages/62616;;Eevee | Family Pokémon Card Game: Cinderace V Deck | 025/038 | Cinderace red silhouette stamp
EVM-0347;No;0;Eevee;Pokémon Card Gym Promo;081/S-P;Gym stamp;Thai;Thai;1;No;;Released;2021-12-01;12/2021–03/2022;Range;Global expansion;;Regional/global addition;;https://www.elitefourum.com/t/collectors-guide-to-eevee-cards-in-all-languages/62616;;Eevee | Pokémon Card Gym Promo | 081/S-P | Gym stamp
EVM-0348;No;0;Eevee;VMAX Climax;125/184;Reverse Holo;Japanese;Japanese, Korean, Thai, Indonesian;4;Yes;Korean, Thai, Indonesian;Released;2021-12-03;03/12/2021;Exact;Original tracker;EEV-0254;Audited base + language mapping;;https://pokecottage.com/pokemon-master-sets/eevee;https://www.elitefourum.com/t/collectors-guide-to-eevee-cards-in-all-languages/62616;Eevee | VMAX Climax | 125/184 | Reverse Holo
EVM-0349;No;0;Eevee;VMAX Climax;125/184;Standard;Japanese;Japanese, Korean, Thai, Indonesian;4;Yes;Korean, Thai, Indonesian;Released;2021-12-03;03/12/2021;Exact;Original tracker;EEV-0253;Audited base + language mapping;;https://pokecottage.com/pokemon-master-sets/eevee;https://www.elitefourum.com/t/collectors-guide-to-eevee-cards-in-all-languages/62616;Eevee | VMAX Climax | 125/184 | Standard
EVM-0350;No;0;Eevee;VMAX Climax;210/184;Holo;Japanese;Japanese, Korean, Thai, Indonesian;4;Yes;Korean, Thai, Indonesian;Released;2021-12-03;03/12/2021;Exact;Original tracker;EEV-0255;Audited base + language mapping;;https://pokecottage.com/pokemon-master-sets/eevee;https://www.elitefourum.com/t/collectors-guide-to-eevee-cards-in-all-languages/62616;Eevee | VMAX Climax | 210/184 | Holo
EVM-0351;No;0;Eevee;Start Deck 100;337/414;Start Deck 100;Japanese;Japanese, Korean, Traditional Chinese, Simplified Chinese;4;Yes;Korean, Traditional Chinese, Simplified Chinese;Released;2021-12-17;17/12/2021;Exact;Original tracker;EEV-0256;Audited base + language mapping;Accorpata la localizzazione Simplified Chinese EEV-0318.;https://pokecottage.com/pokemon-master-sets/eevee;https://www.elitefourum.com/t/collectors-guide-to-eevee-cards-in-all-languages/62616;Eevee | Start Deck 100 | 337/414 | Start Deck 100
EVM-0352;No;0;Eevee;Pokémon Card Gym Promo;248/S-P;Gym stamp;Indonesian;Indonesian;1;No;;Released;2022-02-01;02/2022;Month;Global expansion;;Regional/global addition;;https://www.elitefourum.com/t/collectors-guide-to-eevee-cards-in-all-languages/62616;;Eevee | Pokémon Card Gym Promo | 248/S-P | Gym stamp
EVM-0353;No;0;Eevee;Brilliant Stars: Trainer Gallery;TG11/TG30;Holo;English;English, French, German, Italian, Spanish, Portuguese;6;Yes;French, German, Italian, Spanish, Portuguese;Released;2022-02-25;25/02/2022;Exact;Original tracker;EEV-0257;Audited base + language mapping;;https://pokecottage.com/pokemon-master-sets/eevee;https://bulbapedia.bulbagarden.net/wiki/Eevee_(TCG);Eevee | Brilliant Stars: Trainer Gallery | TG11/TG30 | Holo
EVM-0354;No;0;Eevee;Sword & Shield Promos;SWSH190;Cosmos Holo;English;English, Portuguese;2;Yes;Portuguese;Released;2022-02-25;25/02/2022 (Brilliant Stars Single Blister promo);Exact;Original tracker;EEV-0258;Audited base + language mapping;;https://pokecottage.com/pokemon-master-sets/eevee;https://www.elitefourum.com/t/collectors-guide-to-eevee-cards-in-all-languages/62616;Eevee | Sword & Shield Promos | SWSH190 | Cosmos Holo
EVM-0355;No;0;Eevee V;Start Deck 100 CoroCoro Comic Version;007/024;Holo / Full Art / CoroCoro logo stamp;Japanese;Japanese;1;No;;Released;2022-03-01;"Marzo 2022 (inserto CoroCoro; giorno esatto non documentato nel catalogo)";Month;Original tracker;EEV-0260;Audited base + language mapping;;https://pokecottage.com/pokemon-master-sets/eevee;https://www.elitefourum.com/t/collectors-guide-to-eevee-cards-in-all-languages/62616;Eevee V | Start Deck 100 CoroCoro Comic Version | 007/024 | Holo / Full Art / CoroCoro logo stamp
EVM-0356;No;0;Eevee V;Battle Academy 2022: Eevee Deck;SWSH065;Eevee silhouette stamp;English;English, French, German, Italian, Spanish;5;Yes;French, German, Italian, Spanish;Released;2022-03-25;25/03/2022;Exact;Original tracker;EEV-0259;Audited base + language mapping;;https://pokecottage.com/pokemon-master-sets/eevee;https://bulbapedia.bulbagarden.net/wiki/Battle_Academy_2022_(TCG);Eevee V | Battle Academy 2022: Eevee Deck | SWSH065 | Eevee silhouette stamp
EVM-0357;No;0;Eevee;Space Juggler;054/067;Standard;Japanese;Japanese, Korean, Traditional Chinese, Thai, Indonesian;5;Yes;Korean, Traditional Chinese, Thai, Indonesian;Released;2022-04-08;08/04/2022;Exact;Original tracker;EEV-0261;Audited base + language mapping;;https://pokecottage.com/pokemon-master-sets/eevee;https://www.elitefourum.com/t/collectors-guide-to-eevee-cards-in-all-languages/62616;Eevee | Space Juggler | 054/067 | Standard
EVM-0358;No;0;Eevee;Time Gazer;052/067;Standard;Japanese;Japanese, Korean, Traditional Chinese, Thai, Indonesian;5;Yes;Korean, Traditional Chinese, Thai, Indonesian;Released;2022-04-08;08/04/2022;Exact;Original tracker;EEV-0262;Audited base + language mapping;;https://pokecottage.com/pokemon-master-sets/eevee;https://www.elitefourum.com/t/collectors-guide-to-eevee-cards-in-all-languages/62616;Eevee | Time Gazer | 052/067 | Standard
EVM-0359;No;0;Eevee;Awakening V Starter Deck;123/173;Standard;Thai;Thai, Indonesian;2;Yes;Indonesian;Released;2022-04-22;"ID 22/04/2022; Thai 29/04/2022";Multi-date;Global expansion;;Regional/global addition;;https://www.elitefourum.com/t/collectors-guide-to-eevee-cards-in-all-languages/62616;;Eevee | Awakening V Starter Deck | 123/173 | Standard
EVM-0360;No;0;Eevee V;B2S promotional card purchase campaign;106/S-P;Holo / Full Art / B2S logo;Thai;Thai;1;No;;Released;2022-05-01;05/2022;Month;Global expansion;;Regional/global addition;;https://www.elitefourum.com/t/collectors-guide-to-eevee-cards-in-all-languages/62616;;Eevee V | B2S promotional card purchase campaign | 106/S-P | Holo / Full Art / B2S logo
EVM-0361;No;0;Eevee;Astral Radiance;119/189;Reverse Holo;English;English, French, German, Italian, Spanish, Portuguese;6;Yes;French, German, Italian, Spanish, Portuguese;Released;2022-05-27;27/05/2022;Exact;Original tracker;EEV-0264;Audited base + language mapping;;https://pokecottage.com/pokemon-master-sets/eevee;https://www.elitefourum.com/t/collectors-guide-to-eevee-cards-in-all-languages/62616;Eevee | Astral Radiance | 119/189 | Reverse Holo
EVM-0362;No;0;Eevee;Astral Radiance;119/189;Standard;English;English, French, German, Italian, Spanish, Portuguese;6;Yes;French, German, Italian, Spanish, Portuguese;Released;2022-05-27;27/05/2022;Exact;Original tracker;EEV-0263;Audited base + language mapping;;https://pokecottage.com/pokemon-master-sets/eevee;https://www.elitefourum.com/t/collectors-guide-to-eevee-cards-in-all-languages/62616;Eevee | Astral Radiance | 119/189 | Standard
EVM-0363;No;0;Eevee V;Start Deck 100 Special Edition / Pikachu V & Eevee V;007/024;Holo / Full Art (no CoroCoro stamp);Korean;Korean, Traditional Chinese;2;Yes;Traditional Chinese;Released;2022-05-27;"KR 27/05/2022; TC 02/10/2022";Multi-date;Global expansion;;Regional/global addition;Separata dalla stampa giapponese CoroCoro: il logo CoroCoro è esclusivo della versione JP.;https://www.elitefourum.com/t/collectors-guide-to-eevee-cards-in-all-languages/62616;;Eevee V | Start Deck 100 Special Edition / Pikachu V & Eevee V | 007/024 | Holo / Full Art (no CoroCoro stamp)
EVM-0364;No;0;Eevee;Sword & Shield Promos;SWSH212;Cosmos Holo;English;English, French, German, Italian, Spanish;5;Yes;French, German, Italian, Spanish;Released;2022-05-27;27/05/2022 (Astral Radiance Triple Blister promo);Exact;Original tracker;EEV-0265;Audited base + language mapping;;https://pokecottage.com/pokemon-master-sets/eevee;https://www.elitefourum.com/t/collectors-guide-to-eevee-cards-in-all-languages/62616;Eevee | Sword & Shield Promos | SWSH212 | Cosmos Holo
EVM-0365;No;0;Eevee;Pokémon GO;054/071;Standard;Japanese;Japanese, Korean, Traditional Chinese, Thai, Indonesian;5;Yes;Korean, Traditional Chinese, Thai, Indonesian;Released;2022-06-17;17/06/2022;Exact;Original tracker;EEV-0266;Audited base + language mapping;;https://pokecottage.com/pokemon-master-sets/eevee;https://www.elitefourum.com/t/collectors-guide-to-eevee-cards-in-all-languages/62616;Eevee | Pokémon GO | 054/071 | Standard
EVM-0366;No;0;Radiant Eevee;Pokémon GO;055/071;Holo;Japanese;Japanese, Korean, Traditional Chinese, Thai, Indonesian;5;Yes;Korean, Traditional Chinese, Thai, Indonesian;Released;2022-06-17;17/06/2022;Exact;Original tracker;EEV-0267;Audited base + language mapping;;https://pokecottage.com/pokemon-master-sets/eevee;https://www.elitefourum.com/t/collectors-guide-to-eevee-cards-in-all-languages/62616;Radiant Eevee | Pokémon GO | 055/071 | Holo
EVM-0367;No;0;Eevee;Pokémon GO;054/078;Reverse Holo;English;English, French, German, Italian, Spanish, Portuguese;6;Yes;French, German, Italian, Spanish, Portuguese;Released;2022-07-01;01/07/2022;Exact;Original tracker;EEV-0271;Audited base + language mapping;;https://pokecottage.com/pokemon-master-sets/eevee;https://www.elitefourum.com/t/collectors-guide-to-eevee-cards-in-all-languages/62616;Eevee | Pokémon GO | 054/078 | Reverse Holo
EVM-0368;No;0;Eevee;Pokémon GO;054/078;Standard;English;English, French, German, Italian, Spanish, Portuguese;6;Yes;French, German, Italian, Spanish, Portuguese;Released;2022-07-01;01/07/2022;Exact;Original tracker;EEV-0270;Audited base + language mapping;;https://pokecottage.com/pokemon-master-sets/eevee;https://www.elitefourum.com/t/collectors-guide-to-eevee-cards-in-all-languages/62616;Eevee | Pokémon GO | 054/078 | Standard
EVM-0369;No;0;Radiant Eevee;Sword & Shield Promos;SWSH230;Holo;English;English, French, German, Italian;4;Yes;French, German, Italian;Released;2022-07-01;01/07/2022 (Pokémon GO Premium Collection, Radiant Eevee);Exact;Original tracker;EEV-0268;Audited base + language mapping;;https://pokecottage.com/pokemon-master-sets/eevee;https://www.elitefourum.com/t/collectors-guide-to-eevee-cards-in-all-languages/62616;Radiant Eevee | Sword & Shield Promos | SWSH230 | Holo
EVM-0370;No;0;Radiant Eevee;Sword & Shield Promos;SWSH230;Jumbo;English;Portuguese;1;No;Portuguese;Released;2022-07-01;01/07/2022 (Pokémon GO Premium Collection, Jumbo Radiant Eevee);Exact;Original tracker;EEV-0269;Audited base + language mapping;;https://pokecottage.com/pokemon-master-sets/eevee;https://www.elitefourum.com/t/collectors-guide-to-eevee-cards-in-all-languages/62616;Radiant Eevee | Sword & Shield Promos | SWSH230 | Jumbo
EVM-0371;No;0;Eevee;Storming Emergence: Abundant;101/151;Reverse Holo;Simplified Chinese;Simplified Chinese;1;No;;Released;2022-10-28;28/10/2022;Exact;Original tracker;EEV-0273;Audited base + language mapping;;https://pokecottage.com/pokemon-master-sets/eevee;https://www.elitefourum.com/t/collectors-guide-to-eevee-cards-in-all-languages/62616;Eevee | Storming Emergence: Abundant | 101/151 | Reverse Holo
EVM-0372;No;0;Eevee;Storming Emergence: Abundant;101/151;Standard;Simplified Chinese;Simplified Chinese;1;No;;Released;2022-10-28;28/10/2022;Exact;Original tracker;EEV-0272;Audited base + language mapping;;https://pokecottage.com/pokemon-master-sets/eevee;https://www.elitefourum.com/t/collectors-guide-to-eevee-cards-in-all-languages/62616;Eevee | Storming Emergence: Abundant | 101/151 | Standard
EVM-0373;No;0;Eevee;Storming Emergence: Abundant;166/151;Holo;Simplified Chinese;Simplified Chinese;1;No;;Released;2022-10-28;28/10/2022;Exact;Original tracker;EEV-0274;Audited base + language mapping;;https://pokecottage.com/pokemon-master-sets/eevee;https://www.tcgcollector.com/pokedex/133/eevee/cn;Eevee | Storming Emergence: Abundant | 166/151 | Holo
EVM-0374;No;0;Eevee;Storming Emergence: Radiant;109/151;Reverse Holo;Simplified Chinese;Simplified Chinese;1;No;;Released;2022-10-28;28/10/2022;Exact;Original tracker;EEV-0276;Audited base + language mapping;;https://pokecottage.com/pokemon-master-sets/eevee;https://www.tcgcollector.com/pokedex/133/eevee/cn;Eevee | Storming Emergence: Radiant | 109/151 | Reverse Holo
EVM-0375;No;0;Eevee;Storming Emergence: Radiant;109/151;Standard;Simplified Chinese;Simplified Chinese;1;No;;Released;2022-10-28;28/10/2022;Exact;Original tracker;EEV-0275;Audited base + language mapping;;https://pokecottage.com/pokemon-master-sets/eevee;https://www.tcgcollector.com/pokedex/133/eevee/cn;Eevee | Storming Emergence: Radiant | 109/151 | Standard
EVM-0376;No;0;Eevee;Storming Emergence: Verdant;108/151;Reverse Holo;Simplified Chinese;Simplified Chinese;1;No;;Released;2022-10-28;28/10/2022;Exact;Original tracker;EEV-0278;Audited base + language mapping;;https://pokecottage.com/pokemon-master-sets/eevee;https://www.elitefourum.com/t/collectors-guide-to-eevee-cards-in-all-languages/62616;Eevee | Storming Emergence: Verdant | 108/151 | Reverse Holo
EVM-0377;No;0;Eevee;Storming Emergence: Verdant;108/151;Standard;Simplified Chinese;Simplified Chinese;1;No;;Released;2022-10-28;28/10/2022;Exact;Original tracker;EEV-0277;Audited base + language mapping;;https://pokecottage.com/pokemon-master-sets/eevee;https://www.elitefourum.com/t/collectors-guide-to-eevee-cards-in-all-languages/62616;Eevee | Storming Emergence: Verdant | 108/151 | Standard
EVM-0378;No;0;Eevee;V Starter Set Pikachu V;011/022;Standard;Traditional Chinese;Traditional Chinese;1;No;;Released;2022-11-04;04/11/2022;Exact;Global expansion;;Regional/global addition;;https://www.elitefourum.com/t/collectors-guide-to-eevee-cards-in-all-languages/62616;;Eevee | V Starter Set Pikachu V | 011/022 | Standard
EVM-0379;No;0;Eevee;Chatime promotional card campaign;335/S-P;Chatime logo stamp;Indonesian;Indonesian;1;No;;Released;2022-12-01;12/2022;Month;Global expansion;;Regional/global addition;;https://www.elitefourum.com/t/collectors-guide-to-eevee-cards-in-all-languages/62616;;Eevee | Chatime promotional card campaign | 335/S-P | Chatime logo stamp
EVM-0380;No;0;Eevee V;Jakarta Festival Promo;378/S-P;Holo / Full Art / Jakarta Festival logo;Indonesian;Indonesian;1;No;;Released;2022-12-08;08/12/2022–08/01/2023;Range;Global expansion;;Regional/global addition;;https://www.elitefourum.com/t/collectors-guide-to-eevee-cards-in-all-languages/62616;;Eevee V | Jakarta Festival Promo | 378/S-P | Holo / Full Art / Jakarta Festival logo
EVM-0381;No;0;Eevee;Choki Choki / chok chok promo;074/SV-P;AD stamp;Indonesian;Indonesian;1;No;;Released;2023-01-01;2023–2024;Range;Global expansion;;Regional/global addition;;https://bulbapedia.bulbagarden.net/wiki/SV-P_Promotional_cards_(ITCG);https://www.elitefourum.com/t/collectors-guide-to-eevee-cards-in-all-languages/62616;Eevee | Choki Choki / chok chok promo | 074/SV-P | AD stamp
EVM-0382;No;0;Eevee;Indonesia Championship 2023;038/SV-P;Reverse Holo / championship stamp;Indonesian;Indonesian;1;No;;Released;2023-01-01;2023;Year;Global expansion;;Regional/global addition;;https://bulbapedia.bulbagarden.net/wiki/SV-P_Promotional_cards_(ITCG);https://www.elitefourum.com/t/collectors-guide-to-eevee-cards-in-all-languages/62616;Eevee | Indonesia Championship 2023 | 038/SV-P | Reverse Holo / championship stamp
EVM-0383;No;0;Eevee;Korean Obsidian Flames promo;022/SV-P;Holo promo;Korean;Korean;1;No;;Released;2023-01-01;2023;Year;Global expansion;;Regional/global addition;;https://bulbapedia.bulbagarden.net/wiki/SV-P_Promotional_cards_(KTCG);https://www.elitefourum.com/t/collectors-guide-to-eevee-cards-in-all-languages/62616;Eevee | Korean Obsidian Flames promo | 022/SV-P | Holo promo
EVM-0384;No;0;Eevee;Obsidian Flames regional set;141/170;Standard;Indonesian;Indonesian;1;No;;Released;2023-01-01;2023;Year;Global expansion;;Regional/global addition;;https://www.elitefourum.com/t/collectors-guide-to-eevee-cards-in-all-languages/62616;;Eevee | Obsidian Flames regional set | 141/170 | Standard
EVM-0385;No;0;Eevee GX;Eevee-GX Box Sets;006/008;Holo;Simplified Chinese;Simplified Chinese;1;No;;Released;2023-01-13;13/01/2023;Exact;Original tracker;EEV-0279;Audited base + language mapping;;https://pokecottage.com/pokemon-master-sets/eevee;https://www.tcgcollector.com/pokedex/133/eevee/cn;Eevee GX | Eevee-GX Box Sets | 006/008 | Holo
EVM-0386;No;0;Eevee GX;Eevee-GX Box Sets;007/008;Holo;Simplified Chinese;Simplified Chinese;1;No;;Released;2023-01-13;13/01/2023;Exact;Original tracker;EEV-0280;Audited base + language mapping;;https://pokecottage.com/pokemon-master-sets/eevee;https://www.tcgcollector.com/pokedex/133/eevee/cn;Eevee GX | Eevee-GX Box Sets | 007/008 | Holo
EVM-0387;No;0;Eevee GX;Eevee-GX Box Sets;008/008;Holo;Simplified Chinese;Simplified Chinese;1;No;;Released;2023-01-13;13/01/2023;Exact;Original tracker;EEV-0281;Audited base + language mapping;;https://pokecottage.com/pokemon-master-sets/eevee;https://www.tcgcollector.com/pokedex/133/eevee/cn;Eevee GX | Eevee-GX Box Sets | 008/008 | Holo
EVM-0388;No;0;Eevee;Shining Synergy GX Starter Deck;212/342;Shining Synergy GX Starter Deck;Simplified Chinese;Simplified Chinese;1;No;;Released;2023-01-18;18/01/2023;Exact;Original tracker;EEV-0282;Audited base + language mapping;;https://pokecottage.com/pokemon-master-sets/eevee;https://www.tcgcollector.com/pokedex/133/eevee/cn;Eevee | Shining Synergy GX Starter Deck | 212/342 | Shining Synergy GX Starter Deck
EVM-0389;No;0;Eevee GX;Shining Synergy: Shower;120/150;Holo;Simplified Chinese;Simplified Chinese;1;No;;Released;2023-01-18;18/01/2023;Exact;Original tracker;EEV-0283;Audited base + language mapping;;https://pokecottage.com/pokemon-master-sets/eevee;https://www.tcgcollector.com/pokedex/133/eevee/cn;Eevee GX | Shining Synergy: Shower | 120/150 | Holo
EVM-0390;No;0;Eevee GX;Shining Synergy: Shower;177/150;Holo;Simplified Chinese;Simplified Chinese;1;No;;Released;2023-01-18;18/01/2023;Exact;Original tracker;EEV-0284;Audited base + language mapping;;https://pokecottage.com/pokemon-master-sets/eevee;https://www.tcgcollector.com/pokedex/133/eevee/cn;Eevee GX | Shining Synergy: Shower | 177/150 | Holo
EVM-0391;No;0;Eevee & Snorlax GX;Shining Synergy: Summon;103/150;Holo;Simplified Chinese;Simplified Chinese;1;No;;Released;2023-01-18;18/01/2023;Exact;Original tracker;EEV-0285;Audited base + language mapping;;https://pokecottage.com/pokemon-master-sets/eevee;https://www.tcgcollector.com/pokedex/133/eevee/cn;Eevee & Snorlax GX | Shining Synergy: Summon | 103/150 | Holo
EVM-0392;No;0;Eevee & Snorlax GX;Shining Synergy: Summon;170/150;Holo;Simplified Chinese;Simplified Chinese;1;No;;Released;2023-01-18;18/01/2023;Exact;Original tracker;EEV-0286;Audited base + language mapping;;https://pokecottage.com/pokemon-master-sets/eevee;https://www.tcgcollector.com/pokedex/133/eevee/cn;Eevee & Snorlax GX | Shining Synergy: Summon | 170/150 | Holo
EVM-0393;No;0;Eevee & Snorlax GX;Shining Synergy: Summon;171/150;Holo;Simplified Chinese;Simplified Chinese;1;No;;Released;2023-01-18;18/01/2023;Exact;Original tracker;EEV-0287;Audited base + language mapping;;https://pokecottage.com/pokemon-master-sets/eevee;https://www.tcgcollector.com/pokedex/133/eevee/cn;Eevee & Snorlax GX | Shining Synergy: Summon | 171/150 | Holo
EVM-0394;No;0;Eevee V;Crown Zenith;108/159;Holo;English;English, French, German, Italian, Spanish, Portuguese;6;Yes;French, German, Italian, Spanish, Portuguese;Released;2023-01-20;20/01/2023;Exact;Original tracker;EEV-0288;Audited base + language mapping;;https://pokecottage.com/pokemon-master-sets/eevee;https://www.elitefourum.com/t/collectors-guide-to-eevee-cards-in-all-languages/62616;Eevee V | Crown Zenith | 108/159 | Holo
EVM-0395;No;0;Eevee;Scarlet & Violet Promos;031/SV-P;Pokémon TCG Gym;Japanese;Japanese;1;No;;Released;2023-01-20;20/01/2023 (031/SV-P Deck As Is Battle ~Get Eevee~);Exact;Original tracker;EEV-0289;Audited base + language mapping;;https://pokecottage.com/pokemon-master-sets/eevee;https://www.elitefourum.com/t/collectors-guide-to-eevee-cards-in-all-languages/62616;Eevee | Scarlet & Violet Promos | 031/SV-P | Pokémon TCG Gym
EVM-0396;No;0;Eevee;Scarlet & Violet Promos;033/SV-P;Pokémon Card Game Classroom;Japanese;Japanese;1;No;;Released;2023-01-20;20/01/2023 (033/SV-P Pokémon Card Game Classroom);Exact;Original tracker;EEV-0291;Audited base + language mapping;;https://pokecottage.com/pokemon-master-sets/eevee;https://www.elitefourum.com/t/collectors-guide-to-eevee-cards-in-all-languages/62616;Eevee | Scarlet & Violet Promos | 033/SV-P | Pokémon Card Game Classroom
EVM-0397;No;0;Eevee;Scarlet & Violet Promos;032/SV-P;Pokémon Center;Japanese;Japanese;1;No;;Released;2023-02-23;23/02/2023 (032/SV-P Pokémon Center promo);Exact;Original tracker;EEV-0290;Audited base + language mapping;;https://pokecottage.com/pokemon-master-sets/eevee;https://www.elitefourum.com/t/collectors-guide-to-eevee-cards-in-all-languages/62616;Eevee | Scarlet & Violet Promos | 032/SV-P | Pokémon Center
EVM-0398;No;0;Eevee;Striking Competition;040/061;Reverse Holo;Simplified Chinese;Simplified Chinese;1;No;;Released;2023-03-17;17/03/2023;Exact;Original tracker;EEV-0293;Audited base + language mapping;;https://pokecottage.com/pokemon-master-sets/eevee;https://www.elitefourum.com/t/collectors-guide-to-eevee-cards-in-all-languages/62616;Eevee | Striking Competition | 040/061 | Reverse Holo
EVM-0399;No;0;Eevee;Striking Competition;040/061;Standard;Simplified Chinese;Simplified Chinese;1;No;;Released;2023-03-17;17/03/2023;Exact;Original tracker;EEV-0292;Audited base + language mapping;;https://pokecottage.com/pokemon-master-sets/eevee;https://www.elitefourum.com/t/collectors-guide-to-eevee-cards-in-all-languages/62616;Eevee | Striking Competition | 040/061 | Standard
EVM-0400;No;0;Eevee;Sword & Shield Promos;023/S-P;Standard;Simplified Chinese;Simplified Chinese;1;No;;Released;2023-05-01;"Maggio–agosto 2023 (Event Promo Pack A Vol. 1, 023/S-P; data ancorata a maggio)";Range;Original tracker;EEV-0325;Audited base + language mapping;;https://pokecottage.com/pokemon-master-sets/eevee;https://www.tcgcollector.com/pokedex/133/eevee/cn;Eevee | Sword & Shield Promos | 023/S-P | Standard
EVM-0401;No;0;Eevee;Sword & Shield Promos;027/S-P;Standard;Simplified Chinese;Simplified Chinese;1;No;;Released;2023-05-01;"Maggio–agosto 2023 (Event Promo Pack B Vol. 1, 027/S-P; data ancorata a maggio)";Range;Original tracker;EEV-0326;Audited base + language mapping;;https://pokecottage.com/pokemon-master-sets/eevee;https://www.tcgcollector.com/pokedex/133/eevee/cn;Eevee | Sword & Shield Promos | 027/S-P | Standard
EVM-0402;No;0;Eevee V;Dynamax Clash Deck V Starter Deck;150/207;Dynamax Clash Deck V Starter Deck;Simplified Chinese;Simplified Chinese;1;No;;Released;2023-05-19;19/05/2023;Exact;Original tracker;EEV-0294;Audited base + language mapping;;https://pokecottage.com/pokemon-master-sets/eevee;https://www.tcgcollector.com/pokedex/133/eevee/cn;Eevee V | Dynamax Clash Deck V Starter Deck | 150/207 | Dynamax Clash Deck V Starter Deck
EVM-0403;No;0;Eevee VMAX;Dynamax Clash Deck V Starter Deck;151/207;Dynamax Clash Deck V Starter Deck;Simplified Chinese;Simplified Chinese;1;No;;Released;2023-05-19;19/05/2023;Exact;Original tracker;EEV-0295;Audited base + language mapping;;https://pokecottage.com/pokemon-master-sets/eevee;https://www.tcgcollector.com/pokedex/133/eevee/cn;Eevee VMAX | Dynamax Clash Deck V Starter Deck | 151/207 | Dynamax Clash Deck V Starter Deck
EVM-0404;No;0;Eevee;Scarlet & Violet Promos;062/SV-P;Yu Nagaba x Pokémon;Japanese;Japanese;1;No;;Released;2023-05-24;24/05/2023 (Yu Nagaba × Pokémon Card Game promo);Exact;Original tracker;EEV-0296;Audited base + language mapping;;https://pokecottage.com/pokemon-master-sets/eevee;https://www.elitefourum.com/t/collectors-guide-to-eevee-cards-in-all-languages/62616;Eevee | Scarlet & Violet Promos | 062/SV-P | Yu Nagaba x Pokémon
EVM-0405;No;0;Eevee;Pokémon Championships Thailand 2022-23;028/SV-P;Reverse Holo / Championships Thailand stamp;Thai;Thai;1;No;;Released;2023-05-27;27–28/05/2023;Range;Global expansion;;Regional/global addition;;https://bulbapedia.bulbagarden.net/wiki/SV-P_Promotional_cards_(TTCG);https://www.elitefourum.com/t/collectors-guide-to-eevee-cards-in-all-languages/62616;Eevee | Pokémon Championships Thailand 2022-23 | 028/SV-P | Reverse Holo / Championships Thailand stamp
EVM-0406;No;0;Eevee;Traditional Chinese Championships Taiwan;037/SV-P;Taiwan Championships stamp;Traditional Chinese;Traditional Chinese;1;No;;Released;2023-05-27;27–28/05/2023;Range;Global expansion;;Regional/global addition;;https://bulbapedia.bulbagarden.net/wiki/SV-P_Promotional_cards_(TCTCG);https://www.elitefourum.com/t/collectors-guide-to-eevee-cards-in-all-languages/62616;Eevee | Traditional Chinese Championships Taiwan | 037/SV-P | Taiwan Championships stamp
EVM-0407;No;0;Eevee;Sword & Shield Promos;010/S-P;Pokémon TCG Gym;Simplified Chinese;Simplified Chinese;1;No;;Released;2023-05-28;28/05/2023 (Pokémon TCG Gym Event Promo Pack Vol. 1, 010/S-P);Exact;Original tracker;EEV-0324;Audited base + language mapping;;https://pokecottage.com/pokemon-master-sets/eevee;https://www.tcgcollector.com/pokedex/133/eevee/cn;Eevee | Sword & Shield Promos | 010/S-P | Pokémon TCG Gym
EVM-0408;No;0;Eevee;Traditional Chinese Championships Hong Kong;039/SV-P;Hong Kong Championships stamp;Traditional Chinese;Traditional Chinese;1;No;;Released;2023-06-03;03–04/06/2023;Range;Global expansion;;Regional/global addition;;https://bulbapedia.bulbagarden.net/wiki/SV-P_Promotional_cards_(TCTCG);https://www.elitefourum.com/t/collectors-guide-to-eevee-cards-in-all-languages/62616;Eevee | Traditional Chinese Championships Hong Kong | 039/SV-P | Hong Kong Championships stamp
EVM-0409;No;0;Eevee;Pokémon Card 151;133/165;Master Ball Holo;Japanese;Japanese, Korean, Traditional Chinese, Thai, Indonesian;5;Yes;Korean, Traditional Chinese, Thai, Indonesian;Released;2023-06-16;16/06/2023;Exact;Original tracker;EEV-0297;Audited base + language mapping;;https://pokecottage.com/pokemon-master-sets/eevee;https://www.elitefourum.com/t/collectors-guide-to-eevee-cards-in-all-languages/62616;Eevee | Pokémon Card 151 | 133/165 | Master Ball Holo
EVM-0410;No;0;Eevee;Pokémon Card 151;133/165;Poké Ball Holo;Japanese;Japanese, Korean, Traditional Chinese, Thai, Indonesian;5;Yes;Korean, Traditional Chinese, Thai, Indonesian;Released;2023-06-16;16/06/2023;Exact;Original tracker;EEV-0298;Audited base + language mapping;;https://pokecottage.com/pokemon-master-sets/eevee;https://www.elitefourum.com/t/collectors-guide-to-eevee-cards-in-all-languages/62616;Eevee | Pokémon Card 151 | 133/165 | Poké Ball Holo
EVM-0411;No;0;Eevee;Pokémon Card 151;133/165;Standard;Japanese;Japanese, Korean, Traditional Chinese, Thai, Indonesian;5;Yes;Korean, Traditional Chinese, Thai, Indonesian;Released;2023-06-16;16/06/2023;Exact;Original tracker;EEV-0299;Audited base + language mapping;;https://pokecottage.com/pokemon-master-sets/eevee;https://www.elitefourum.com/t/collectors-guide-to-eevee-cards-in-all-languages/62616;Eevee | Pokémon Card 151 | 133/165 | Standard
EVM-0412;No;0;Eevee;Ruler of the Black Flame;091/108;Standard;Japanese;Japanese, Korean, Thai;3;Yes;Korean, Thai;Released;2023-07-28;28/07/2023;Exact;Original tracker;EEV-0300;Audited base + language mapping;;https://pokecottage.com/pokemon-master-sets/eevee;https://www.elitefourum.com/t/collectors-guide-to-eevee-cards-in-all-languages/62616;Eevee | Ruler of the Black Flame | 091/108 | Standard
EVM-0413;No;0;Eevee;Obsidian Flames;166/197;Reverse Holo;English;English, French, German, Italian, Spanish, Portuguese;6;Yes;French, German, Italian, Spanish, Portuguese;Released;2023-08-11;11/08/2023;Exact;Original tracker;EEV-0302;Audited base + language mapping;;https://pokecottage.com/pokemon-master-sets/eevee;https://www.elitefourum.com/t/collectors-guide-to-eevee-cards-in-all-languages/62616;Eevee | Obsidian Flames | 166/197 | Reverse Holo
EVM-0414;No;0;Eevee;Obsidian Flames;166/197;Standard;English;English, French, German, Italian, Spanish, Portuguese;6;Yes;French, German, Italian, Spanish, Portuguese;Released;2023-08-11;11/08/2023;Exact;Original tracker;EEV-0301;Audited base + language mapping;;https://pokecottage.com/pokemon-master-sets/eevee;https://www.elitefourum.com/t/collectors-guide-to-eevee-cards-in-all-languages/62616;Eevee | Obsidian Flames | 166/197 | Standard
EVM-0415;No;0;Eevee;Scarlet & Violet Promos;043;Smooth Cosmos Holo;English;English;1;No;;Released;2023-08-11;"11/08/2023 (Obsidian Flames Three Pack Blister; prima tiratura Smooth Cosmos)";Exact;Original tracker;EEV-0303;Audited base + language mapping;Initial Obsidian Flames Three Pack Blister printing used Smooth Cosmos Holofoil.;https://pokecottage.com/pokemon-master-sets/eevee;https://bulbapedia.bulbagarden.net/wiki/Eevee_(SVP_Promo_43);Eevee | Scarlet & Violet Promos | 043 | Smooth Cosmos Holo
EVM-0416;No;0;Eevee;Sword & Shield Promos;101/S-P;Pokémon TCG Gym;Simplified Chinese;Simplified Chinese;1;No;;Released;2023-09-01;"Settembre–ottobre 2023 (Gym Event Promo Pack Vol. 3, 101/S-P; data ancorata a settembre)";Range;Original tracker;EEV-0327;Audited base + language mapping;;https://pokecottage.com/pokemon-master-sets/eevee;https://www.tcgcollector.com/pokedex/133/eevee/cn;Eevee | Sword & Shield Promos | 101/S-P | Pokémon TCG Gym
EVM-0417;No;0;Eevee;Sword & Shield Promos;123/S-P;Pokémon TCG Gym;Simplified Chinese;Simplified Chinese;1;No;;Released;2023-09-01;"Settembre–ottobre 2023 (Gym Event Promo Pack Vol. 4, 123/S-P; data ancorata a settembre)";Range;Original tracker;EEV-0328;Audited base + language mapping;;https://pokecottage.com/pokemon-master-sets/eevee;https://www.tcgcollector.com/pokedex/133/eevee/cn;Eevee | Sword & Shield Promos | 123/S-P | Pokémon TCG Gym
EVM-0418;No;0;Eevee;Sword & Shield Promos;127/S-P;Standard;Simplified Chinese;Simplified Chinese;1;No;;Released;2023-09-01;"Settembre–ottobre 2023 (Event Promo Pack A Vol. 4, 127/S-P; data ancorata a settembre)";Range;Original tracker;EEV-0329;Audited base + language mapping;;https://pokecottage.com/pokemon-master-sets/eevee;https://www.tcgcollector.com/pokedex/133/eevee/cn;Eevee | Sword & Shield Promos | 127/S-P | Standard
EVM-0419;No;0;Eevee & Snorlax GX;Golden Energy;054/045;Holo;Simplified Chinese;Simplified Chinese;1;No;;Released;2023-09-09;09/09/2023;Exact;Original tracker;EEV-0304;Audited base + language mapping;;https://pokecottage.com/pokemon-master-sets/eevee;https://www.tcgcollector.com/pokedex/133/eevee/cn;Eevee & Snorlax GX | Golden Energy | 054/045 | Holo
EVM-0420;No;0;Eevee;151;133/165;Reverse Holo;English;English, French, German, Italian, Spanish, Portuguese;6;Yes;French, German, Italian, Spanish, Portuguese;Released;2023-09-22;22/09/2023;Exact;Original tracker;EEV-0306;Audited base + language mapping;;https://pokecottage.com/pokemon-master-sets/eevee;https://www.elitefourum.com/t/collectors-guide-to-eevee-cards-in-all-languages/62616;Eevee | 151 | 133/165 | Reverse Holo
EVM-0421;No;0;Eevee;151;133/165;Standard;English;English, French, German, Italian, Spanish, Portuguese;6;Yes;French, German, Italian, Spanish, Portuguese;Released;2023-09-22;22/09/2023;Exact;Original tracker;EEV-0305;Audited base + language mapping;;https://pokecottage.com/pokemon-master-sets/eevee;https://www.elitefourum.com/t/collectors-guide-to-eevee-cards-in-all-languages/62616;Eevee | 151 | 133/165 | Standard
EVM-0422;No;0;Eevee;Brilliant Counterattack;040/059;Reverse Holo;Simplified Chinese;Simplified Chinese;1;No;;Released;2023-09-29;29/09/2023;Exact;Original tracker;EEV-0310;Audited base + language mapping;;https://pokecottage.com/pokemon-master-sets/eevee;https://www.elitefourum.com/t/collectors-guide-to-eevee-cards-in-all-languages/62616;Eevee | Brilliant Counterattack | 040/059 | Reverse Holo
EVM-0423;No;0;Eevee;Brilliant Counterattack;040/059;Standard;Simplified Chinese;Simplified Chinese;1;No;;Released;2023-09-29;29/09/2023;Exact;Original tracker;EEV-0309;Audited base + language mapping;;https://pokecottage.com/pokemon-master-sets/eevee;https://www.elitefourum.com/t/collectors-guide-to-eevee-cards-in-all-languages/62616;Eevee | Brilliant Counterattack | 040/059 | Standard
EVM-0424;No;0;Eevee;Tao Kae Noi / 7-Eleven campaign;044/SV-P;Tao Kae Noi stamp;Thai;Thai;1;No;;Released;2023-11-01;11/2023;Month;Global expansion;;Regional/global addition;;https://bulbapedia.bulbagarden.net/wiki/SV-P_Promotional_cards_(TTCG);https://www.elitefourum.com/t/collectors-guide-to-eevee-cards-in-all-languages/62616;Eevee | Tao Kae Noi / 7-Eleven campaign | 044/SV-P | Tao Kae Noi stamp
EVM-0425;No;0;Eevee;The Great Celebration 2024 at Central Pattana;081/SV-P;Central Pattana stamp;Thai;Thai;1;No;;Released;2023-11-07;07/11/2023–07/01/2024;Range;Global expansion;;Regional/global addition;;https://bulbapedia.bulbagarden.net/wiki/SV-P_Promotional_cards_(TTCG);https://www.elitefourum.com/t/collectors-guide-to-eevee-cards-in-all-languages/62616;Eevee | The Great Celebration 2024 at Central Pattana | 081/SV-P | Central Pattana stamp
EVM-0426;No;0;Eevee;151;133/165;Pokémon Together;English;English, French, German, Italian, Spanish, Portuguese;6;Yes;French, German, Italian, Spanish, Portuguese;Released;2023-11-18;"18/11/2023–19/12/2023 (Pokémon Together campaign; data ancorata all'inizio)";Range;Original tracker;EEV-0308;Audited base + language mapping;;https://pokecottage.com/pokemon-master-sets/eevee;https://www.elitefourum.com/t/collectors-guide-to-eevee-cards-in-all-languages/62616;Eevee | 151 | 133/165 | Pokémon Together
EVM-0427;No;0;Eevee;Crimson Haze regional set;191/167;Full Art;Indonesian;Indonesian;1;No;;Released;2024-01-01;2024;Year;Global expansion;;Regional/global addition;;https://www.elitefourum.com/t/collectors-guide-to-eevee-cards-in-all-languages/62616;;Eevee | Crimson Haze regional set | 191/167 | Full Art
EVM-0428;No;0;Eevee;McDonald's Dragon Discovery;145/SV-P;Promo;Thai;Thai;1;No;;Released;2024-01-01;2024;Year;Global expansion;;Regional/global addition;;https://bulbapedia.bulbagarden.net/wiki/SV-P_Promotional_cards_(TTCG);https://www.elitefourum.com/t/collectors-guide-to-eevee-cards-in-all-languages/62616;Eevee | McDonald's Dragon Discovery | 145/SV-P | Promo
EVM-0429;No;0;Eevee;Shrouded Fable regional set;125/166;Standard;Thai;Thai, Indonesian;2;Yes;Indonesian;Released;2024-01-01;2024;Year;Global expansion;;Regional/global addition;;https://www.elitefourum.com/t/collectors-guide-to-eevee-cards-in-all-languages/62616;;Eevee | Shrouded Fable regional set | 125/166 | Standard
EVM-0430;No;0;Eevee;Stellar Crown regional set;93/175;Standard;Indonesian;Indonesian;1;No;;Released;2024-01-01;2024;Year;Global expansion;;Regional/global addition;;https://www.elitefourum.com/t/collectors-guide-to-eevee-cards-in-all-languages/62616;;Eevee | Stellar Crown regional set | 93/175 | Standard
EVM-0431;No;0;Eevee;Tactics Deck Fight - Points;188/SV-P;Promo;Indonesian;Indonesian;1;No;;Released;2024-01-01;2024;Year;Global expansion;;Regional/global addition;;https://bulbapedia.bulbagarden.net/wiki/SV-P_Promotional_cards_(ITCG);https://www.elitefourum.com/t/collectors-guide-to-eevee-cards-in-all-languages/62616;Eevee | Tactics Deck Fight - Points | 188/SV-P | Promo
EVM-0432;No;0;Eevee;Terastal Festival ex;125/187;Reverse Holo;Korean;Korean;1;No;;Released;2024-01-01;2024;Year;Global expansion;;Regional/global addition;;https://www.elitefourum.com/t/collectors-guide-to-eevee-cards-in-all-languages/62616;;Eevee | Terastal Festival ex | 125/187 | Reverse Holo
EVM-0433;No;0;Eevee;Topeng Transfigurasi Special Set;129/SV-P;Reverse Holo / AD stamp;Indonesian;Indonesian;1;No;;Released;2024-01-01;2024;Year;Global expansion;;Regional/global addition;;https://bulbapedia.bulbagarden.net/wiki/SV-P_Promotional_cards_(ITCG);https://www.elitefourum.com/t/collectors-guide-to-eevee-cards-in-all-languages/62616;Eevee | Topeng Transfigurasi Special Set | 129/SV-P | Reverse Holo / AD stamp
EVM-0434;No;0;Eevee;Twilight Masquerade regional set;135/167;Standard;Indonesian;Indonesian;1;No;;Released;2024-01-01;2024;Year;Global expansion;;Regional/global addition;;https://www.elitefourum.com/t/collectors-guide-to-eevee-cards-in-all-languages/62616;;Eevee | Twilight Masquerade regional set | 135/167 | Standard
EVM-0435;No;0;Eevee;Pokémon Card Display Set Gift Box;007/008;Holo;Simplified Chinese;Simplified Chinese;1;No;;Released;2024-03-01;01/03/2024;Exact;Original tracker;EEV-0312;Audited base + language mapping;;https://pokecottage.com/pokemon-master-sets/eevee;https://www.tcgcollector.com/pokedex/133/eevee/cn;Eevee | Pokémon Card Display Set Gift Box | 007/008 | Holo
EVM-0436;No;0;Eevee;Polychromatic Gathering: Friend;111/132;Reverse Holo;Simplified Chinese;Simplified Chinese;1;No;;Released;2024-03-01;01/03/2024;Exact;Original tracker;EEV-0314;Audited base + language mapping;;https://pokecottage.com/pokemon-master-sets/eevee;https://www.tcgcollector.com/pokedex/133/eevee/cn;Eevee | Polychromatic Gathering: Friend | 111/132 | Reverse Holo
EVM-0437;No;0;Eevee;Polychromatic Gathering: Friend;111/132;Standard;Simplified Chinese;Simplified Chinese;1;No;;Released;2024-03-01;01/03/2024;Exact;Original tracker;EEV-0313;Audited base + language mapping;;https://pokecottage.com/pokemon-master-sets/eevee;https://www.tcgcollector.com/pokedex/133/eevee/cn;Eevee | Polychromatic Gathering: Friend | 111/132 | Standard
EVM-0438;No;0;Eevee;Pokémon Card Game Battle Academy;045/066;Greninja ex Deck;Japanese;Japanese, Korean, Simplified Chinese;3;Yes;Korean, Simplified Chinese;Released;2024-03-08;08/03/2024;Exact;Original tracker;EEV-0315;Audited base + language mapping;;https://pokecottage.com/pokemon-master-sets/eevee;https://www.elitefourum.com/t/collectors-guide-to-eevee-cards-in-all-languages/62616;Eevee | Pokémon Card Game Battle Academy | 045/066 | Greninja ex Deck
EVM-0439;No;0;Eevee;Crimson Haze;050/066;Standard;Japanese;Japanese, Korean, Thai;3;Yes;Korean, Thai;Released;2024-03-22;22/03/2024;Exact;Original tracker;EEV-0316;Audited base + language mapping;;https://pokecottage.com/pokemon-master-sets/eevee;https://www.elitefourum.com/t/collectors-guide-to-eevee-cards-in-all-languages/62616;Eevee | Crimson Haze | 050/066 | Standard
EVM-0440;No;0;Eevee;Crimson Haze;078/066;Holo;Japanese;Japanese, Korean, Thai;3;Yes;Korean, Thai;Released;2024-03-22;22/03/2024;Exact;Original tracker;EEV-0317;Audited base + language mapping;;https://pokecottage.com/pokemon-master-sets/eevee;https://www.elitefourum.com/t/collectors-guide-to-eevee-cards-in-all-languages/62616;Eevee | Crimson Haze | 078/066 | Holo
EVM-0441;No;0;Eevee;Twilight Masquerade;135/167;Reverse Holo;English;English, French, German, Italian, Spanish, Portuguese;6;Yes;French, German, Italian, Spanish, Portuguese;Released;2024-05-24;24/05/2024;Exact;Original tracker;EEV-0320;Audited base + language mapping;;https://pokecottage.com/pokemon-master-sets/eevee;https://www.elitefourum.com/t/collectors-guide-to-eevee-cards-in-all-languages/62616;Eevee | Twilight Masquerade | 135/167 | Reverse Holo
EVM-0442;No;0;Eevee;Twilight Masquerade;135/167;Standard;English;English, French, German, Italian, Spanish, Portuguese;6;Yes;French, German, Italian, Spanish, Portuguese;Released;2024-05-24;24/05/2024;Exact;Original tracker;EEV-0319;Audited base + language mapping;;https://pokecottage.com/pokemon-master-sets/eevee;https://www.elitefourum.com/t/collectors-guide-to-eevee-cards-in-all-languages/62616;Eevee | Twilight Masquerade | 135/167 | Standard
EVM-0443;No;0;Eevee;Twilight Masquerade;188/167;Holo;English;English, French, German, Italian, Spanish, Portuguese;6;Yes;French, German, Italian, Spanish, Portuguese;Released;2024-05-24;24/05/2024;Exact;Original tracker;EEV-0321;Audited base + language mapping;;https://pokecottage.com/pokemon-master-sets/eevee;https://www.elitefourum.com/t/collectors-guide-to-eevee-cards-in-all-languages/62616;Eevee | Twilight Masquerade | 188/167 | Holo
EVM-0444;No;0;Eevee;Night Wanderer;050/064;Standard;Japanese;Japanese, Thai;2;Yes;Thai;Released;2024-06-07;07/06/2024;Exact;Original tracker;EEV-0322;Audited base + language mapping;;https://pokecottage.com/pokemon-master-sets/eevee;https://www.elitefourum.com/t/collectors-guide-to-eevee-cards-in-all-languages/62616;Eevee | Night Wanderer | 050/064 | Standard
EVM-0445;No;0;Radiant Eevee;Gallant Galaxy: Charm;092/127;Holo;Simplified Chinese;Simplified Chinese;1;No;;Released;2024-06-18;18/06/2024;Exact;Original tracker;EEV-0323;Audited base + language mapping;;https://pokecottage.com/pokemon-master-sets/eevee;https://www.tcgcollector.com/pokedex/133/eevee/cn;Radiant Eevee | Gallant Galaxy: Charm | 092/127 | Holo
EVM-0446;No;0;Eevee;Scarlet & Violet Promos;043;Pixel Cosmos Holo;English;English;1;No;;Released;2024-07-01;"Metà 2024 (successive tirature degli Obsidian Flames Three Pack Blisters; Pixel Cosmos; giorno esatto non documentato)";Month;Original tracker;EEV-0431;Audited base + language mapping;Subsequent mid-2024 Obsidian Flames Three Pack Blister production used Pixel Cosmos Holofoil.;https://bulbapedia.bulbagarden.net/wiki/Eevee_(SVP_Promo_43);https://www.elitefourum.com/t/collectors-guide-to-eevee-cards-in-all-languages/62616;Eevee | Scarlet & Violet Promos | 043 | Pixel Cosmos Holo
EVM-0447;No;0;Eevee;Radiant Energy Vol. 2;003/004;Holo;Simplified Chinese;Simplified Chinese;1;No;;Released;2024-07-12;12/07/2024;Exact;Original tracker;EEV-0330;Audited base + language mapping;;https://pokecottage.com/pokemon-master-sets/eevee;https://www.tcgcollector.com/pokedex/133/eevee/cn;Eevee | Radiant Energy Vol. 2 | 003/004 | Holo
EVM-0448;No;0;Eevee;Shrouded Fable;050/064;Reverse Holo;English;English, French, German, Italian, Spanish, Portuguese;6;Yes;French, German, Italian, Spanish, Portuguese;Released;2024-08-02;02/08/2024;Exact;Original tracker;EEV-0333;Audited base + language mapping;;https://pokecottage.com/pokemon-master-sets/eevee;https://www.elitefourum.com/t/collectors-guide-to-eevee-cards-in-all-languages/62616;Eevee | Shrouded Fable | 050/064 | Reverse Holo
EVM-0449;No;0;Eevee;Shrouded Fable;050/064;Standard;English;English, French, German, Italian, Spanish, Portuguese;6;Yes;French, German, Italian, Spanish, Portuguese;Released;2024-08-02;02/08/2024;Exact;Original tracker;EEV-0332;Audited base + language mapping;;https://pokecottage.com/pokemon-master-sets/eevee;https://www.elitefourum.com/t/collectors-guide-to-eevee-cards-in-all-languages/62616;Eevee | Shrouded Fable | 050/064 | Standard
EVM-0450;No;0;Eevee;B2S Promo Card Pack: Stellar Guidance;130/SV-P;B2S stamp;Thai;Thai;1;No;;Released;2024-08-30;30/08/2024;Exact;Global expansion;;Regional/global addition;;https://bulbapedia.bulbagarden.net/wiki/SV-P_Promotional_cards_(TTCG);https://www.elitefourum.com/t/collectors-guide-to-eevee-cards-in-all-languages/62616;Eevee | B2S Promo Card Pack: Stellar Guidance | 130/SV-P | B2S stamp
EVM-0451;No;0;Eevee;Scarlet & Violet Promos;196/SV-P;Let's Start a Battle;Japanese;Japanese;1;No;;Released;2024-08-30;30/08/2024 (196/SV-P Let's Start a Battle);Exact;Original tracker;EEV-0345;Audited base + language mapping;;https://pokecottage.com/pokemon-master-sets/eevee;https://www.elitefourum.com/t/collectors-guide-to-eevee-cards-in-all-languages/62616;Eevee | Scarlet & Violet Promos | 196/SV-P | Let's Start a Battle
EVM-0452;No;0;Eevee;Stellar Tera Type Starter Set: Sylveon ex;009/022;Standard;Japanese;Japanese, Korean;2;Yes;Korean;Released;2024-08-30;30/08/2024;Exact;Original tracker;EEV-0335;Audited base + language mapping;;https://pokecottage.com/pokemon-master-sets/eevee;https://www.elitefourum.com/t/collectors-guide-to-eevee-cards-in-all-languages/62616;Eevee | Stellar Tera Type Starter Set: Sylveon ex | 009/022 | Standard
EVM-0453;No;0;Eevee;Tactics Deck Point Exchange;177/SV-P;Promo;Thai;Thai;1;No;;Released;2024-09-01;01/09–31/10/2024;Range;Global expansion;;Regional/global addition;;https://bulbapedia.bulbagarden.net/wiki/SV-P_Promotional_cards_(TTCG);https://www.elitefourum.com/t/collectors-guide-to-eevee-cards-in-all-languages/62616;Eevee | Tactics Deck Point Exchange | 177/SV-P | Promo
EVM-0454;No;0;Eevee;Stellar Crown;113/142;Reverse Holo;English;English, French, German, Italian, Spanish, Portuguese;6;Yes;French, German, Italian, Spanish, Portuguese;Released;2024-09-13;13/09/2024;Exact;Original tracker;EEV-0337;Audited base + language mapping;;https://pokecottage.com/pokemon-master-sets/eevee;https://www.elitefourum.com/t/collectors-guide-to-eevee-cards-in-all-languages/62616;Eevee | Stellar Crown | 113/142 | Reverse Holo
EVM-0455;No;0;Eevee;Stellar Crown;113/142;Standard;English;English, French, German, Italian, Spanish, Portuguese;6;Yes;French, German, Italian, Spanish, Portuguese;Released;2024-09-13;13/09/2024;Exact;Original tracker;EEV-0336;Audited base + language mapping;;https://pokecottage.com/pokemon-master-sets/eevee;https://www.elitefourum.com/t/collectors-guide-to-eevee-cards-in-all-languages/62616;Eevee | Stellar Crown | 113/142 | Standard
EVM-0456;No;0;Eevee;Radiant Energy Vol. 3;003/004;Holo;Simplified Chinese;Simplified Chinese;1;No;;Released;2024-09-20;20/09/2024;Exact;Original tracker;EEV-0331;Audited base + language mapping;;https://pokecottage.com/pokemon-master-sets/eevee;https://www.tcgcollector.com/pokedex/133/eevee/cn;Eevee | Radiant Energy Vol. 3 | 003/004 | Holo
EVM-0457;No;0;Eevee;Surging Sparks;143/191;Pokémon Gym logo (Cosmos Holo, Singapore);English;English, French, German, Italian, Spanish, Portuguese;6;Yes;French, German, Italian, Spanish, Portuguese;Released;2024-10-25;"Fine ottobre–novembre 2024 (Pokémon TCG Gym Present Pack, Singapore/Malaysia/Philippines; giorno variabile per evento)";Range;Original tracker;EEV-0341;Audited base + language mapping;;https://pokecottage.com/pokemon-master-sets/eevee;https://www.elitefourum.com/t/collectors-guide-to-eevee-cards-in-all-languages/62616;Eevee | Surging Sparks | 143/191 | Pokémon Gym logo (Cosmos Holo, Singapore)
EVM-0458;No;0;Eevee;Traditional Chinese 5th Anniversary Carrying Case Set;171/SV-P;5th Anniversary stamp;Traditional Chinese;Traditional Chinese;1;No;;Released;2024-11-01;01/11/2024;Exact;Global expansion;;Regional/global addition;;https://bulbapedia.bulbagarden.net/wiki/SV-P_Promotional_cards_(TCTCG);https://www.elitefourum.com/t/collectors-guide-to-eevee-cards-in-all-languages/62616;Eevee | Traditional Chinese 5th Anniversary Carrying Case Set | 171/SV-P | 5th Anniversary stamp
EVM-0459;No;0;Eevee;Surging Sparks;143/191;Reverse Holo;English;English, French, German, Italian, Spanish, Portuguese;6;Yes;French, German, Italian, Spanish, Portuguese;Released;2024-11-08;08/11/2024;Exact;Original tracker;EEV-0339;Audited base + language mapping;;https://pokecottage.com/pokemon-master-sets/eevee;https://www.elitefourum.com/t/collectors-guide-to-eevee-cards-in-all-languages/62616;Eevee | Surging Sparks | 143/191 | Reverse Holo
EVM-0460;No;0;Eevee;Surging Sparks;143/191;Standard;English;English, French, German, Italian, Spanish, Portuguese;6;Yes;French, German, Italian, Spanish, Portuguese;Released;2024-11-08;08/11/2024;Exact;Original tracker;EEV-0338;Audited base + language mapping;;https://pokecottage.com/pokemon-master-sets/eevee;https://www.elitefourum.com/t/collectors-guide-to-eevee-cards-in-all-languages/62616;Eevee | Surging Sparks | 143/191 | Standard
EVM-0461;No;0;Eevee;Victory Lodestar;056/072;Reverse Holo;Simplified Chinese;Simplified Chinese;1;No;;Released;2024-11-15;15/11/2024;Exact;Original tracker;EEV-0343;Audited base + language mapping;;https://pokecottage.com/pokemon-master-sets/eevee;https://www.tcgcollector.com/pokedex/133/eevee/cn;Eevee | Victory Lodestar | 056/072 | Reverse Holo
EVM-0462;No;0;Eevee;Victory Lodestar;056/072;Standard;Simplified Chinese;Simplified Chinese;1;No;;Released;2024-11-15;15/11/2024;Exact;Original tracker;EEV-0342;Audited base + language mapping;;https://pokecottage.com/pokemon-master-sets/eevee;https://www.tcgcollector.com/pokedex/133/eevee/cn;Eevee | Victory Lodestar | 056/072 | Standard
EVM-0463;No;0;Eevee;Generations Starter Decks;093/175;Standard;Japanese;Japanese, Traditional Chinese, Thai, Indonesian;4;Yes;Traditional Chinese, Thai, Indonesian;Released;2024-11-22;22/11/2024;Exact;Original tracker;EEV-0344;Audited base + language mapping;;https://pokecottage.com/pokemon-master-sets/eevee;https://www.elitefourum.com/t/collectors-guide-to-eevee-cards-in-all-languages/62616;Eevee | Generations Starter Decks | 093/175 | Standard
EVM-0464;No;0;Eevee;Scarlet & Violet Promos;198/SV-P;Pokémon TCG Gym;Japanese;Japanese;1;No;;Released;2024-11-22;22/11/2024 (198/SV-P Pokémon Card Gym / Deck As Is Battle);Exact;Original tracker;EEV-0346;Audited base + language mapping;;https://pokecottage.com/pokemon-master-sets/eevee;https://www.elitefourum.com/t/collectors-guide-to-eevee-cards-in-all-languages/62616;Eevee | Scarlet & Violet Promos | 198/SV-P | Pokémon TCG Gym
EVM-0465;No;0;Eevee V;Card Display Pendant Gift Box;003/004;Holo;Simplified Chinese;Simplified Chinese;1;No;;Released;2024-12-06;06/12/2024;Exact;Original tracker;EEV-0348;Audited base + language mapping;;https://pokecottage.com/pokemon-master-sets/eevee;https://www.tcgcollector.com/pokedex/133/eevee/cn;Eevee V | Card Display Pendant Gift Box | 003/004 | Holo
EVM-0466;No;0;Eevee VMAX;Card Display Pendant Gift Box;004/004;Holo;Simplified Chinese;Simplified Chinese;1;No;;Released;2024-12-06;06/12/2024;Exact;Original tracker;EEV-0349;Audited base + language mapping;;https://pokecottage.com/pokemon-master-sets/eevee;https://www.tcgcollector.com/pokedex/133/eevee/cn;Eevee VMAX | Card Display Pendant Gift Box | 004/004 | Holo
EVM-0467;No;0;Eevee;Terastal Festival ex;125/187;Master Ball Holo;Japanese;Japanese, Korean, Traditional Chinese, Thai, Indonesian;5;Yes;Korean, Traditional Chinese, Thai, Indonesian;Released;2024-12-06;06/12/2024;Exact;Original tracker;EEV-0350;Audited base + language mapping;;https://pokecottage.com/pokemon-master-sets/eevee;https://www.elitefourum.com/t/collectors-guide-to-eevee-cards-in-all-languages/62616;Eevee | Terastal Festival ex | 125/187 | Master Ball Holo
EVM-0468;No;0;Eevee;Terastal Festival ex;125/187;Poké Ball Holo;Japanese;Japanese, Korean, Traditional Chinese, Thai, Indonesian;5;Yes;Korean, Traditional Chinese, Thai, Indonesian;Released;2024-12-06;06/12/2024;Exact;Original tracker;EEV-0351;Audited base + language mapping;;https://pokecottage.com/pokemon-master-sets/eevee;https://www.elitefourum.com/t/collectors-guide-to-eevee-cards-in-all-languages/62616;Eevee | Terastal Festival ex | 125/187 | Poké Ball Holo
EVM-0469;No;0;Eevee;Terastal Festival ex;125/187;Standard;Japanese;Japanese, Korean, Traditional Chinese, Thai, Indonesian;5;Yes;Korean, Traditional Chinese, Thai, Indonesian;Released;2024-12-06;06/12/2024;Exact;Original tracker;EEV-0352;Audited base + language mapping;;https://pokecottage.com/pokemon-master-sets/eevee;https://www.elitefourum.com/t/collectors-guide-to-eevee-cards-in-all-languages/62616;Eevee | Terastal Festival ex | 125/187 | Standard
EVM-0470;No;0;Eevee ex;Terastal Festival ex;126/187;Holo;Japanese;Japanese, Korean, Traditional Chinese, Thai, Indonesian;5;Yes;Korean, Traditional Chinese, Thai, Indonesian;Released;2024-12-06;06/12/2024;Exact;Original tracker;EEV-0353;Audited base + language mapping;;https://pokecottage.com/pokemon-master-sets/eevee;https://www.elitefourum.com/t/collectors-guide-to-eevee-cards-in-all-languages/62616;Eevee ex | Terastal Festival ex | 126/187 | Holo
EVM-0471;No;0;Eevee ex;Terastal Festival ex;223/187;Holo;Japanese;Japanese, Korean, Traditional Chinese, Thai, Indonesian;5;Yes;Korean, Traditional Chinese, Thai, Indonesian;Released;2024-12-06;06/12/2024;Exact;Original tracker;EEV-0354;Audited base + language mapping;;https://pokecottage.com/pokemon-master-sets/eevee;https://www.elitefourum.com/t/collectors-guide-to-eevee-cards-in-all-languages/62616;Eevee ex | Terastal Festival ex | 223/187 | Holo
EVM-0472;No;0;Eevee ex;Terastal Festival ex;224/187;Holo;Japanese;Japanese, Korean, Traditional Chinese, Thai, Indonesian;5;Yes;Korean, Traditional Chinese, Thai, Indonesian;Released;2024-12-06;06/12/2024;Exact;Original tracker;EEV-0355;Audited base + language mapping;;https://pokecottage.com/pokemon-master-sets/eevee;https://www.elitefourum.com/t/collectors-guide-to-eevee-cards-in-all-languages/62616;Eevee ex | Terastal Festival ex | 224/187 | Holo
EVM-0473;No;0;Eevee;Korean Terastal Fest ex Promo Card Pack;194/SV-P;Full Art promo;Korean;Korean;1;No;;Released;2025-01-01;2025;Year;Global expansion;;Regional/global addition;"Numero riportato dalla guida all-language; verificare eventuale rinumerazione/ristampa locale se il catalogo KTCG viene aggiornato.";https://bulbapedia.bulbagarden.net/wiki/SV-P_Promotional_cards_(KTCG);https://www.elitefourum.com/t/collectors-guide-to-eevee-cards-in-all-languages/62616;Eevee | Korean Terastal Fest ex Promo Card Pack | 194/SV-P | Full Art promo
EVM-0474;No;0;Eevee;Taro Promo;285/SV-P;AD stamp;Indonesian;Indonesian;1;No;;Released;2025-01-01;2025;Year;Global expansion;;Regional/global addition;;https://bulbapedia.bulbagarden.net/wiki/SV-P_Promotional_cards_(ITCG);https://www.elitefourum.com/t/collectors-guide-to-eevee-cards-in-all-languages/62616;Eevee | Taro Promo | 285/SV-P | AD stamp
EVM-0475;No;0;Eevee;Taro Promo;285/SV-P;Taro stamp;Thai;Thai;1;No;;Released;2025-01-01;2025;Year;Global expansion;;Regional/global addition;;https://bulbapedia.bulbagarden.net/wiki/SV-P_Promotional_cards_(TTCG);https://www.elitefourum.com/t/collectors-guide-to-eevee-cards-in-all-languages/62616;Eevee | Taro Promo | 285/SV-P | Taro stamp
EVM-0476;No;0;Eevee;Terastal Festival ex;228/187;Full Art;Indonesian;Indonesian;1;No;;Released;2025-01-01;2025;Year;Global expansion;;Regional/global addition;;https://www.elitefourum.com/t/collectors-guide-to-eevee-cards-in-all-languages/62616;;Eevee | Terastal Festival ex | 228/187 | Full Art
EVM-0477;No;0;Eevee;Prismatic Evolutions;074/131;Master Ball Holo;English;English, French, German, Italian, Spanish, Portuguese;6;Yes;French, German, Italian, Spanish, Portuguese;Released;2025-01-17;17/01/2025;Exact;Original tracker;EEV-0362;Audited base + language mapping;;https://pokecottage.com/pokemon-master-sets/eevee;https://www.elitefourum.com/t/collectors-guide-to-eevee-cards-in-all-languages/62616;Eevee | Prismatic Evolutions | 074/131 | Master Ball Holo
EVM-0478;No;0;Eevee;Prismatic Evolutions;074/131;Poké Ball Holo;English;English, French, German, Italian, Spanish, Portuguese;6;Yes;French, German, Italian, Spanish, Portuguese;Released;2025-01-17;17/01/2025;Exact;Original tracker;EEV-0361;Audited base + language mapping;;https://pokecottage.com/pokemon-master-sets/eevee;https://www.elitefourum.com/t/collectors-guide-to-eevee-cards-in-all-languages/62616;Eevee | Prismatic Evolutions | 074/131 | Poké Ball Holo
EVM-0479;No;0;Eevee;Prismatic Evolutions;074/131;Reverse Holo;English;English, French, German, Italian, Spanish, Portuguese;6;Yes;French, German, Italian, Spanish, Portuguese;Released;2025-01-17;17/01/2025;Exact;Original tracker;EEV-0360;Audited base + language mapping;;https://pokecottage.com/pokemon-master-sets/eevee;https://www.elitefourum.com/t/collectors-guide-to-eevee-cards-in-all-languages/62616;Eevee | Prismatic Evolutions | 074/131 | Reverse Holo
EVM-0480;No;0;Eevee;Prismatic Evolutions;074/131;Standard;English;English, French, German, Italian, Spanish, Portuguese;6;Yes;French, German, Italian, Spanish, Portuguese;Released;2025-01-17;17/01/2025;Exact;Original tracker;EEV-0359;Audited base + language mapping;;https://pokecottage.com/pokemon-master-sets/eevee;https://www.elitefourum.com/t/collectors-guide-to-eevee-cards-in-all-languages/62616;Eevee | Prismatic Evolutions | 074/131 | Standard
EVM-0481;No;0;Eevee ex;Prismatic Evolutions;075/131;Holo;English;English, French, German, Italian, Spanish, Portuguese;6;Yes;French, German, Italian, Spanish, Portuguese;Released;2025-01-17;17/01/2025;Exact;Original tracker;EEV-0364;Audited base + language mapping;;https://pokecottage.com/pokemon-master-sets/eevee;https://www.elitefourum.com/t/collectors-guide-to-eevee-cards-in-all-languages/62616;Eevee ex | Prismatic Evolutions | 075/131 | Holo
EVM-0482;No;0;Eevee ex;Prismatic Evolutions;167/131;Holo;English;English, French, German, Italian, Spanish, Portuguese;6;Yes;French, German, Italian, Spanish, Portuguese;Released;2025-01-17;17/01/2025;Exact;Original tracker;EEV-0367;Audited base + language mapping;;https://pokecottage.com/pokemon-master-sets/eevee;https://www.elitefourum.com/t/collectors-guide-to-eevee-cards-in-all-languages/62616;Eevee ex | Prismatic Evolutions | 167/131 | Holo
EVM-0483;No;0;Eevee;Scarlet & Violet Promos;173;Holo;English;English;1;No;;Released;2025-01-17;17/01/2025 (Prismatic Evolutions ETB / Pokémon Center ETB, SVP173);Exact;Original tracker;EEV-0368;Audited base + language mapping;;https://pokecottage.com/pokemon-master-sets/eevee;https://www.elitefourum.com/t/collectors-guide-to-eevee-cards-in-all-languages/62616;Eevee | Scarlet & Violet Promos | 173 | Holo
EVM-0484;No;0;Eevee;Scarlet & Violet Promos;173;Pokémon Center;English;English;1;No;;Released;2025-01-17;17/01/2025 (Prismatic Evolutions ETB / Pokémon Center ETB, SVP173);Exact;Original tracker;EEV-0369;Audited base + language mapping;;https://pokecottage.com/pokemon-master-sets/eevee;https://www.elitefourum.com/t/collectors-guide-to-eevee-cards-in-all-languages/62616;Eevee | Scarlet & Violet Promos | 173 | Pokémon Center
EVM-0485;No;0;Eevee;McDonald's Collection 2024;013/015;McDonald's;English;English;1;No;;Released;2025-01-21;"21/01/2025 (prima uscita inglese documentata negli USA; campagna regionale)";Exact;Original tracker;EEV-0347;Audited base + language mapping;Second audit: normalized the printed collector number to 013/015.;https://pokecottage.com/pokemon-master-sets/eevee;https://bulbapedia.bulbagarden.net/wiki/Eevee_(McDonald%27s_Collection_2024_13);Eevee | McDonald's Collection 2024 | 013/015 | McDonald's
EVM-0486;No;0;Eevee;Eeveelution Collection File Set;193/SV-P;Reverse Holo;Traditional Chinese;Traditional Chinese;1;No;;Released;2025-01-22;22/01/2025;Exact;Global expansion;;Regional/global addition;;https://bulbapedia.bulbagarden.net/wiki/SV-P_Promotional_cards_(TCTCG);https://www.elitefourum.com/t/collectors-guide-to-eevee-cards-in-all-languages/62616;Eevee | Eeveelution Collection File Set | 193/SV-P | Reverse Holo
EVM-0487;No;0;Eevee;Eeveelution Special Collection;194/SV-P;Full Art;Traditional Chinese;Traditional Chinese;1;No;;Released;2025-01-22;22/01/2025;Exact;Global expansion;;Regional/global addition;;https://bulbapedia.bulbagarden.net/wiki/SV-P_Promotional_cards_(TCTCG);https://www.elitefourum.com/t/collectors-guide-to-eevee-cards-in-all-languages/62616;Eevee | Eeveelution Special Collection | 194/SV-P | Full Art
EVM-0488;No;0;Eevee;Jubilant Collection: Eevee, Leafeon & Glaceon;198/SV-P;Reverse Holo;Traditional Chinese;Traditional Chinese;1;No;;Released;2025-01-22;22/01/2025;Exact;Global expansion;;Regional/global addition;;https://bulbapedia.bulbagarden.net/wiki/SV-P_Promotional_cards_(TCTCG);https://www.elitefourum.com/t/collectors-guide-to-eevee-cards-in-all-languages/62616;Eevee | Jubilant Collection: Eevee, Leafeon & Glaceon | 198/SV-P | Reverse Holo
EVM-0489;No;0;Eevee ex;Prismatic Evolutions;075/131;Expansion Stamp;English;English, French, German, Italian, Spanish, Portuguese;6;Yes;French, German, Italian, Spanish, Portuguese;Released;2025-02-07;07/02/2025 (Prismatic Evolutions Surprise Box, expansion stamp);Exact;Original tracker;EEV-0365;Audited base + language mapping;;https://pokecottage.com/pokemon-master-sets/eevee;https://www.elitefourum.com/t/collectors-guide-to-eevee-cards-in-all-languages/62616;Eevee ex | Prismatic Evolutions | 075/131 | Expansion Stamp
EVM-0490;No;0;Eevee;Terastal Festival ex promo;225/SV-P;Full Art promo;Thai;Thai;1;No;;Released;2025-02-07;07/02/2025;Exact;Global expansion;;Regional/global addition;;https://bulbapedia.bulbagarden.net/wiki/SV-P_Promotional_cards_(TTCG);https://www.elitefourum.com/t/collectors-guide-to-eevee-cards-in-all-languages/62616;Eevee | Terastal Festival ex promo | 225/SV-P | Full Art promo
EVM-0491;No;0;Eevee;Prismatic Evolutions;074/131;Pokémon Day;English;English, French, German, Italian, Spanish, Portuguese;6;Yes;French, German, Italian, Spanish, Portuguese;Released;2025-02-21;21/02/2025 (Pokémon Day 2025 Two Pack Blister);Exact;Original tracker;EEV-0363;Audited base + language mapping;;https://pokecottage.com/pokemon-master-sets/eevee;https://www.elitefourum.com/t/collectors-guide-to-eevee-cards-in-all-languages/62616;Eevee | Prismatic Evolutions | 074/131 | Pokémon Day
EVM-0492;No;0;Eevee;Gem Pack Vol. 2;0101/15;Holo;Simplified Chinese;Simplified Chinese;1;No;;Released;2025-05-16;16/05/2025;Exact;Original tracker;EEV-0371;Audited base + language mapping;;https://pokecottage.com/pokemon-master-sets/eevee;https://www.tcgcollector.com/pokedex/133/eevee/cn;Eevee | Gem Pack Vol. 2 | 0101/15 | Holo
EVM-0493;No;0;Eevee;Gem Pack Vol. 2;0102/15;Holo;Simplified Chinese;Simplified Chinese;1;No;;Released;2025-05-16;16/05/2025;Exact;Original tracker;EEV-0372;Audited base + language mapping;;https://pokecottage.com/pokemon-master-sets/eevee;https://www.tcgcollector.com/pokedex/133/eevee/cn;Eevee | Gem Pack Vol. 2 | 0102/15 | Holo
EVM-0494;No;0;Eevee;Gem Pack Vol. 2;0103/15;Poké Ball Holo;Simplified Chinese;Simplified Chinese;1;No;;Released;2025-05-16;16/05/2025;Exact;Original tracker;EEV-0373;Audited base + language mapping;;https://pokecottage.com/pokemon-master-sets/eevee;https://www.tcgcollector.com/pokedex/133/eevee/cn;Eevee | Gem Pack Vol. 2 | 0103/15 | Poké Ball Holo
EVM-0495;No;0;Eevee;Gem Pack Vol. 2;0104/15;Poké Ball Holo;Simplified Chinese;Simplified Chinese;1;No;;Released;2025-05-16;16/05/2025;Exact;Original tracker;EEV-0374;Audited base + language mapping;;https://pokecottage.com/pokemon-master-sets/eevee;https://www.tcgcollector.com/pokedex/133/eevee/cn;Eevee | Gem Pack Vol. 2 | 0104/15 | Poké Ball Holo
EVM-0496;No;0;Eevee;Gem Pack Vol. 2;0105/15;Starlight Holo;Simplified Chinese;Simplified Chinese;1;No;;Released;2025-05-16;16/05/2025;Exact;Original tracker;EEV-0375;Audited base + language mapping;;https://pokecottage.com/pokemon-master-sets/eevee;https://www.tcgcollector.com/pokedex/133/eevee/cn;Eevee | Gem Pack Vol. 2 | 0105/15 | Starlight Holo
EVM-0497;No;0;Eevee;Gem Pack Vol. 2;0106/15;Starlight Holo;Simplified Chinese;Simplified Chinese;1;No;;Released;2025-05-16;16/05/2025;Exact;Original tracker;EEV-0376;Audited base + language mapping;;https://pokecottage.com/pokemon-master-sets/eevee;https://www.tcgcollector.com/pokedex/133/eevee/cn;Eevee | Gem Pack Vol. 2 | 0106/15 | Starlight Holo
EVM-0498;No;0;Eevee;Gem Pack Vol. 2;0107/15;Holo;Simplified Chinese;Simplified Chinese;1;No;;Released;2025-05-16;16/05/2025;Exact;Original tracker;EEV-0377;Audited base + language mapping;;https://pokecottage.com/pokemon-master-sets/eevee;https://www.tcgcollector.com/pokedex/133/eevee/cn;Eevee | Gem Pack Vol. 2 | 0107/15 | Holo
EVM-0499;No;0;Eevee;Gem Pack Vol. 2;0108/15;Holo;Simplified Chinese;Simplified Chinese;1;No;;Released;2025-05-16;16/05/2025;Exact;Original tracker;EEV-0378;Audited base + language mapping;;https://pokecottage.com/pokemon-master-sets/eevee;https://www.tcgcollector.com/pokedex/133/eevee/cn;Eevee | Gem Pack Vol. 2 | 0108/15 | Holo
EVM-0500;No;0;Eevee;Gem Pack Vol. 2;0109/15;Master Ball Holo;Simplified Chinese;Simplified Chinese;1;No;;Released;2025-05-16;16/05/2025;Exact;Original tracker;EEV-0379;Audited base + language mapping;;https://pokecottage.com/pokemon-master-sets/eevee;https://www.tcgcollector.com/pokedex/133/eevee/cn;Eevee | Gem Pack Vol. 2 | 0109/15 | Master Ball Holo
EVM-0501;No;0;Eevee;Gem Pack Vol. 2;0110/15;Master Ball Holo;Simplified Chinese;Simplified Chinese;1;No;;Released;2025-05-16;16/05/2025;Exact;Original tracker;EEV-0380;Audited base + language mapping;;https://pokecottage.com/pokemon-master-sets/eevee;https://www.tcgcollector.com/pokedex/133/eevee/cn;Eevee | Gem Pack Vol. 2 | 0110/15 | Master Ball Holo
EVM-0502;No;0;Eevee;Gem Pack Vol. 2;0111/15;Holo;Simplified Chinese;Simplified Chinese;1;No;;Released;2025-05-16;16/05/2025;Exact;Original tracker;EEV-0381;Audited base + language mapping;;https://pokecottage.com/pokemon-master-sets/eevee;https://www.tcgcollector.com/pokedex/133/eevee/cn;Eevee | Gem Pack Vol. 2 | 0111/15 | Holo
EVM-0503;No;0;Eevee;Gem Pack Vol. 2;0112/15;Holo;Simplified Chinese;Simplified Chinese;1;No;;Released;2025-05-16;16/05/2025;Exact;Original tracker;EEV-0382;Audited base + language mapping;;https://pokecottage.com/pokemon-master-sets/eevee;https://www.tcgcollector.com/pokedex/133/eevee/cn;Eevee | Gem Pack Vol. 2 | 0112/15 | Holo
EVM-0504;No;0;Eevee V;Gem Pack Vol. 2;0113/15;Holo;Simplified Chinese;Simplified Chinese;1;No;;Released;2025-05-16;16/05/2025;Exact;Original tracker;EEV-0383;Audited base + language mapping;;https://pokecottage.com/pokemon-master-sets/eevee;https://www.tcgcollector.com/pokedex/133/eevee/cn;Eevee V | Gem Pack Vol. 2 | 0113/15 | Holo
EVM-0505;No;0;Eevee VMAX;Gem Pack Vol. 2;0114/15;Holo;Simplified Chinese;Simplified Chinese;1;No;;Released;2025-05-16;16/05/2025;Exact;Original tracker;EEV-0384;Audited base + language mapping;;https://pokecottage.com/pokemon-master-sets/eevee;https://www.tcgcollector.com/pokedex/133/eevee/cn;Eevee VMAX | Gem Pack Vol. 2 | 0114/15 | Holo
EVM-0506;No;0;Eevee;Gem Pack Vol. 2;0115/15;Holo;Simplified Chinese;Simplified Chinese;1;No;;Released;2025-05-16;16/05/2025;Exact;Original tracker;EEV-0385;Audited base + language mapping;;https://pokecottage.com/pokemon-master-sets/eevee;https://www.tcgcollector.com/pokedex/133/eevee/cn;Eevee | Gem Pack Vol. 2 | 0115/15 | Holo
EVM-0507;No;0;Eevee ex;Scarlet & Violet Promos;174;Holo;English;English;1;No;;Released;2025-05-16;16/05/2025 (Prismatic Evolutions Super-Premium Collection, SVP174);Exact;Original tracker;EEV-0370;Audited base + language mapping;;https://pokecottage.com/pokemon-master-sets/eevee;https://www.elitefourum.com/t/collectors-guide-to-eevee-cards-in-all-languages/62616;Eevee ex | Scarlet & Violet Promos | 174 | Holo
EVM-0508;No;0;Eevee;Scarlet & Violet Promos;200;Cosmos Holo;English;English;1;No;;Released;2025-05-30;30/05/2025 (Destined Rivals Single Blister promo, SVP200);Exact;Original tracker;EEV-0386;Audited base + language mapping;;https://pokecottage.com/pokemon-master-sets/eevee;https://www.elitefourum.com/t/collectors-guide-to-eevee-cards-in-all-languages/62616;Eevee | Scarlet & Violet Promos | 200 | Cosmos Holo
EVM-0509;No;0;Eevee;McDonald's Dragon Discovery;130/SV-P;Promo;Traditional Chinese;Traditional Chinese;1;No;;Released;2025-06-06;06/06–03/07/2025;Range;Global expansion;;Regional/global addition;;https://bulbapedia.bulbagarden.net/wiki/SV-P_Promotional_cards_(TCTCG);https://www.elitefourum.com/t/collectors-guide-to-eevee-cards-in-all-languages/62616;Eevee | McDonald's Dragon Discovery | 130/SV-P | Promo
EVM-0510;No;0;Eevee;Toys R Us Event Bonus Card Pack;246/SV-P;AD stamp;Traditional Chinese;Traditional Chinese;1;No;;Released;2025-06-20;20/06–31/07/2025;Range;Global expansion;;Regional/global addition;;https://bulbapedia.bulbagarden.net/wiki/SV-P_Promotional_cards_(TCTCG);https://www.elitefourum.com/t/collectors-guide-to-eevee-cards-in-all-languages/62616;Eevee | Toys R Us Event Bonus Card Pack | 246/SV-P | AD stamp
EVM-0511;No;0;Eevee;Bonus Round;103/129;Master Ball Holo;Simplified Chinese;Simplified Chinese;1;No;;Released;2025-07-18;18/07/2025;Exact;Original tracker;EEV-0387;Audited base + language mapping;;https://pokecottage.com/pokemon-master-sets/eevee;https://www.tcgcollector.com/pokedex/133/eevee/cn;Eevee | Bonus Round | 103/129 | Master Ball Holo
EVM-0512;No;0;Eevee;Bonus Round;103/129;Poké Ball Holo;Simplified Chinese;Simplified Chinese;1;No;;Released;2025-07-18;18/07/2025;Exact;Original tracker;EEV-0388;Audited base + language mapping;;https://pokecottage.com/pokemon-master-sets/eevee;https://www.tcgcollector.com/pokedex/133/eevee/cn;Eevee | Bonus Round | 103/129 | Poké Ball Holo
EVM-0513;No;0;Eevee;Bonus Round;103/129;Standard;Simplified Chinese;Simplified Chinese;1;No;;Released;2025-07-18;18/07/2025;Exact;Original tracker;EEV-0389;Audited base + language mapping;;https://pokecottage.com/pokemon-master-sets/eevee;https://www.tcgcollector.com/pokedex/133/eevee/cn;Eevee | Bonus Round | 103/129 | Standard
EVM-0514;No;0;Eevee;Scarlet & Violet Promos;061/SV-P;Standard;Simplified Chinese;Simplified Chinese;1;No;;Released;2025-07-18;18/07/2025 (Mission Reward Pack 3, 061/SV-P);Exact;Original tracker;EEV-0334;Audited base + language mapping;;https://pokecottage.com/pokemon-master-sets/eevee;https://www.tcgcollector.com/pokedex/133/eevee/cn;Eevee | Scarlet & Violet Promos | 061/SV-P | Standard
EVM-0515;No;0;Eevee ex;Prismatic Evolutions;075/131;Play! Pokémon;English;English, French, German, Italian, Spanish, Portuguese;6;Yes;French, German, Italian, Spanish, Portuguese;Released;2025-08-14;14/08/2025 (Play! Pokémon Prize Pack Series 7);Exact;Original tracker;EEV-0366;Audited base + language mapping;;https://pokecottage.com/pokemon-master-sets/eevee;https://www.elitefourum.com/t/collectors-guide-to-eevee-cards-in-all-languages/62616;Eevee ex | Prismatic Evolutions | 075/131 | Play! Pokémon
EVM-0516;No;0;Eevee;Surging Sparks;143/191;Prize Pack Series 7 (Cosmos Holo / Prize Pack stamp);English;English;1;No;;Released;2025-08-14;14/08/2025 (Play! Pokémon Prize Pack Series 7);Exact;Original tracker;EEV-0340;Audited base + language mapping;;https://pokecottage.com/pokemon-master-sets/eevee;https://www.elitefourum.com/t/collectors-guide-to-eevee-cards-in-all-languages/62616;Eevee | Surging Sparks | 143/191 | Prize Pack Series 7 (Cosmos Holo / Prize Pack stamp)
EVM-0517;No;0;Eevee;151;133/165;Holiday Calendar 2025;English;English, French, German, Italian, Spanish, Portuguese;6;Yes;French, German, Italian, Spanish, Portuguese;Released;2025-08-22;22/08/2025 (Pokémon TCG Holiday Calendar 2025);Exact;Original tracker;EEV-0307;Audited base + language mapping;;https://pokecottage.com/pokemon-master-sets/eevee;https://www.elitefourum.com/t/collectors-guide-to-eevee-cards-in-all-languages/62616;Eevee | 151 | 133/165 | Holiday Calendar 2025
EVM-0518;No;0;Eevee;Collection 151;133/151;Master Ball Holo;Simplified Chinese;Simplified Chinese;1;No;;Released;2025-10-17;17/10/2025;Exact;Original tracker;EEV-0356;Audited base + language mapping;;https://pokecottage.com/pokemon-master-sets/eevee;https://www.tcgcollector.com/pokedex/133/eevee/cn;Eevee | Collection 151 | 133/151 | Master Ball Holo
EVM-0519;No;0;Eevee;Collection 151;133/151;Poké Ball Holo;Simplified Chinese;Simplified Chinese;1;No;;Released;2025-10-17;17/10/2025;Exact;Original tracker;EEV-0357;Audited base + language mapping;;https://pokecottage.com/pokemon-master-sets/eevee;https://www.tcgcollector.com/pokedex/133/eevee/cn;Eevee | Collection 151 | 133/151 | Poké Ball Holo
EVM-0520;No;0;Eevee;Collection 151;133/151;Standard;Simplified Chinese;Simplified Chinese;1;No;;Released;2025-10-17;17/10/2025;Exact;Original tracker;EEV-0358;Audited base + language mapping;;https://pokecottage.com/pokemon-master-sets/eevee;https://www.tcgcollector.com/pokedex/133/eevee/cn;Eevee | Collection 151 | 133/151 | Standard
EVM-0521;No;0;Eevee;Start Deck 100 Battle Collection;564/742;Reverse Holo;Japanese;Japanese;1;No;;Released;2025-12-19;19/12/2025;Exact;Original tracker;EEV-0390;Audited base + language mapping;;https://pokecottage.com/pokemon-master-sets/eevee;https://www.elitefourum.com/t/collectors-guide-to-eevee-cards-in-all-languages/62616;Eevee | Start Deck 100 Battle Collection | 564/742 | Reverse Holo
EVM-0522;No;0;Eevee;Start Deck 100 Battle Collection;564/742;Start Deck 100 Battle Collection;Japanese;Japanese;1;No;;Released;2025-12-19;19/12/2025;Exact;Original tracker;EEV-0391;Audited base + language mapping;;https://pokecottage.com/pokemon-master-sets/eevee;https://www.elitefourum.com/t/collectors-guide-to-eevee-cards-in-all-languages/62616;Eevee | Start Deck 100 Battle Collection | 564/742 | Start Deck 100 Battle Collection
EVM-0523;No;0;Eevee;Start Deck 100 Battle Collection;565/742;Start Deck 100 Battle Collection;Japanese;Japanese;1;No;;Released;2025-12-19;19/12/2025;Exact;Original tracker;EEV-0392;Audited base + language mapping;;https://pokecottage.com/pokemon-master-sets/eevee;https://www.elitefourum.com/t/collectors-guide-to-eevee-cards-in-all-languages/62616;Eevee | Start Deck 100 Battle Collection | 565/742 | Start Deck 100 Battle Collection
EVM-0524;No;0;Eevee ex;Start Deck 100 Battle Collection;566/742;Start Deck 100 Battle Collection;Japanese;Japanese;1;No;;Released;2025-12-19;19/12/2025;Exact;Original tracker;EEV-0393;Audited base + language mapping;;https://pokecottage.com/pokemon-master-sets/eevee;https://www.elitefourum.com/t/collectors-guide-to-eevee-cards-in-all-languages/62616;Eevee ex | Start Deck 100 Battle Collection | 566/742 | Start Deck 100 Battle Collection
EVM-0525;No;0;Eevee;Start Deck 100 Battle Collection;755/742;Start Deck 100 Battle Collection;Japanese;Japanese;1;No;;Released;2025-12-19;19/12/2025;Exact;Original tracker;EEV-0394;Audited base + language mapping;;https://pokecottage.com/pokemon-master-sets/eevee;https://www.elitefourum.com/t/collectors-guide-to-eevee-cards-in-all-languages/62616;Eevee | Start Deck 100 Battle Collection | 755/742 | Start Deck 100 Battle Collection
EVM-0526;No;0;Eevee;Mega Evolution: Nihil Zero Joyful Eevee Set;072/M-P;Reverse Holo promo;Traditional Chinese;Traditional Chinese;1;No;;Released;2026-01-01;2026;Year;Global expansion;;Regional/global addition;;https://bulbapedia.bulbagarden.net/wiki/M-P_Promotional_cards_(TCTCG);https://www.elitefourum.com/t/collectors-guide-to-eevee-cards-in-all-languages/62616;Eevee | Mega Evolution: Nihil Zero Joyful Eevee Set | 072/M-P | Reverse Holo promo
EVM-0527;No;0;Eevee;Pokémon Card Game Classroom participation prize;015/M-P;Promo;Korean;Korean;1;No;;Released;2026-01-01;2026;Year;Global expansion;;Regional/global addition;;https://bulbapedia.bulbagarden.net/wiki/M-P_Promotional_cards_(KTCG);https://www.elitefourum.com/t/collectors-guide-to-eevee-cards-in-all-languages/62616;Eevee | Pokémon Card Game Classroom participation prize | 015/M-P | Promo
EVM-0528;No;0;Eevee;Blade Awakenings;157/204;Master Ball Holo;Simplified Chinese;Simplified Chinese;1;No;;Released;2026-01-16;16/01/2026;Exact;Original tracker;EEV-0395;Audited base + language mapping;;https://pokecottage.com/pokemon-master-sets/eevee;https://www.tcgcollector.com/pokedex/133/eevee/cn;Eevee | Blade Awakenings | 157/204 | Master Ball Holo
EVM-0529;No;0;Eevee;Blade Awakenings;157/204;Poké Ball Holo;Simplified Chinese;Simplified Chinese;1;No;;Released;2026-01-16;16/01/2026;Exact;Original tracker;EEV-0396;Audited base + language mapping;;https://pokecottage.com/pokemon-master-sets/eevee;https://www.tcgcollector.com/pokedex/133/eevee/cn;Eevee | Blade Awakenings | 157/204 | Poké Ball Holo
EVM-0530;No;0;Eevee;Blade Awakenings;157/204;Standard;Simplified Chinese;Simplified Chinese;1;No;;Released;2026-01-16;16/01/2026;Exact;Original tracker;EEV-0397;Audited base + language mapping;;https://pokecottage.com/pokemon-master-sets/eevee;https://www.tcgcollector.com/pokedex/133/eevee/cn;Eevee | Blade Awakenings | 157/204 | Standard
EVM-0531;No;0;Eevee;Pokémon Card Game Battle Academy;045/066;Greninja Deck;Simplified Chinese;Japanese, Korean, Simplified Chinese;3;Yes;Japanese, Korean;Released;2026-01-16;16/01/2026;Exact;Original tracker;EEV-0398;Audited base + language mapping;;https://pokecottage.com/pokemon-master-sets/eevee;https://www.tcgcollector.com/pokedex/133/eevee/cn;Eevee | Pokémon Card Game Battle Academy | 045/066 | Greninja Deck
EVM-0532;No;0;Eevee;Gem Pack Vol. 4;0401/07;Holo;Simplified Chinese;Simplified Chinese;1;No;;Released;2026-02-26;26/02/2026;Exact;Original tracker;EEV-0399;Audited base + language mapping;;https://pokecottage.com/pokemon-master-sets/eevee;https://www.tcgcollector.com/pokedex/133/eevee/cn;Eevee | Gem Pack Vol. 4 | 0401/07 | Holo
EVM-0533;No;0;Eevee;Gem Pack Vol. 4;0402/07;Poké Ball Holo;Simplified Chinese;Simplified Chinese;1;No;;Released;2026-02-26;26/02/2026;Exact;Original tracker;EEV-0400;Audited base + language mapping;;https://pokecottage.com/pokemon-master-sets/eevee;https://www.tcgcollector.com/pokedex/133/eevee/cn;Eevee | Gem Pack Vol. 4 | 0402/07 | Poké Ball Holo
EVM-0534;No;0;Eevee;Gem Pack Vol. 4;0403/07;Starlight Holo;Simplified Chinese;Simplified Chinese;1;No;;Released;2026-02-26;26/02/2026;Exact;Original tracker;EEV-0401;Audited base + language mapping;;https://pokecottage.com/pokemon-master-sets/eevee;https://www.tcgcollector.com/pokedex/133/eevee/cn;Eevee | Gem Pack Vol. 4 | 0403/07 | Starlight Holo
EVM-0535;No;0;Eevee;Gem Pack Vol. 4;0404/07;Holo;Simplified Chinese;Simplified Chinese;1;No;;Released;2026-02-26;26/02/2026;Exact;Original tracker;EEV-0402;Audited base + language mapping;;https://pokecottage.com/pokemon-master-sets/eevee;https://www.tcgcollector.com/pokedex/133/eevee/cn;Eevee | Gem Pack Vol. 4 | 0404/07 | Holo
EVM-0536;No;0;Eevee;Gem Pack Vol. 4;0405/07;Master Ball Holo;Simplified Chinese;Simplified Chinese;1;No;;Released;2026-02-26;26/02/2026;Exact;Original tracker;EEV-0403;Audited base + language mapping;;https://pokecottage.com/pokemon-master-sets/eevee;https://www.tcgcollector.com/pokedex/133/eevee/cn;Eevee | Gem Pack Vol. 4 | 0405/07 | Master Ball Holo
EVM-0537;No;0;Eevee;Gem Pack Vol. 4;0406/07;Expansion Stamp;Simplified Chinese;Simplified Chinese;1;No;;Released;2026-02-26;26/02/2026;Exact;Original tracker;EEV-0404;Audited base + language mapping;;https://pokecottage.com/pokemon-master-sets/eevee;https://www.tcgcollector.com/pokedex/133/eevee/cn;Eevee | Gem Pack Vol. 4 | 0406/07 | Expansion Stamp
EVM-0538;No;0;Eevee;Gem Pack Vol. 4;0407/07;Holo;Simplified Chinese;Simplified Chinese;1;No;;Released;2026-02-26;26/02/2026;Exact;Original tracker;EEV-0405;Audited base + language mapping;;https://pokecottage.com/pokemon-master-sets/eevee;https://www.tcgcollector.com/pokedex/133/eevee/cn;Eevee | Gem Pack Vol. 4 | 0407/07 | Holo
EVM-0539;No;0;Eevee;Sparkling Fable;166/207;Master Ball Holo;Simplified Chinese;Simplified Chinese;1;No;;Released;2026-03-13;13/03/2026;Exact;Original tracker;EEV-0406;Audited base + language mapping;;https://pokecottage.com/pokemon-master-sets/eevee;https://www.tcgcollector.com/pokedex/133/eevee/cn;Eevee | Sparkling Fable | 166/207 | Master Ball Holo
EVM-0540;No;0;Eevee;Sparkling Fable;166/207;Poké Ball Holo;Simplified Chinese;Simplified Chinese;1;No;;Released;2026-03-13;13/03/2026;Exact;Original tracker;EEV-0407;Audited base + language mapping;;https://pokecottage.com/pokemon-master-sets/eevee;https://www.tcgcollector.com/pokedex/133/eevee/cn;Eevee | Sparkling Fable | 166/207 | Poké Ball Holo
EVM-0541;No;0;Eevee;Sparkling Fable;166/207;Standard;Simplified Chinese;Simplified Chinese;1;No;;Released;2026-03-13;13/03/2026;Exact;Original tracker;EEV-0408;Audited base + language mapping;;https://pokecottage.com/pokemon-master-sets/eevee;https://www.tcgcollector.com/pokedex/133/eevee/cn;Eevee | Sparkling Fable | 166/207 | Standard
EVM-0542;No;0;Eevee;Stellar Crystal;153/208;Master Ball Holo;Simplified Chinese;Simplified Chinese;1;No;;Released;2026-05-15;15/05/2026;Exact;Original tracker;EEV-0409;Audited base + language mapping;;https://pokecottage.com/pokemon-master-sets/eevee;https://www.tcgcollector.com/pokedex/133/eevee/cn;Eevee | Stellar Crystal | 153/208 | Master Ball Holo
EVM-0543;No;0;Eevee;Stellar Crystal;153/208;Poké Ball Holo;Simplified Chinese;Simplified Chinese;1;No;;Released;2026-05-15;15/05/2026;Exact;Original tracker;EEV-0410;Audited base + language mapping;;https://pokecottage.com/pokemon-master-sets/eevee;https://www.tcgcollector.com/pokedex/133/eevee/cn;Eevee | Stellar Crystal | 153/208 | Poké Ball Holo
EVM-0544;No;0;Eevee;Stellar Crystal;153/208;Standard;Simplified Chinese;Simplified Chinese;1;No;;Released;2026-05-15;15/05/2026;Exact;Original tracker;EEV-0411;Audited base + language mapping;;https://pokecottage.com/pokemon-master-sets/eevee;https://www.tcgcollector.com/pokedex/133/eevee/cn;Eevee | Stellar Crystal | 153/208 | Standard
EVM-0545;No;0;Eevee;Terastal Gathering;139/208;Master Ball Holo;Simplified Chinese;Simplified Chinese;1;No;;Released;2026-06-12;12/06/2026;Exact;Original tracker;EEV-0412;Audited base + language mapping;;https://pokecottage.com/pokemon-master-sets/eevee;https://www.tcgcollector.com/pokedex/133/eevee/cn;Eevee | Terastal Gathering | 139/208 | Master Ball Holo
EVM-0546;No;0;Eevee;Terastal Gathering;139/208;Poké Ball Holo;Simplified Chinese;Simplified Chinese;1;No;;Released;2026-06-12;12/06/2026;Exact;Original tracker;EEV-0413;Audited base + language mapping;;https://pokecottage.com/pokemon-master-sets/eevee;https://www.tcgcollector.com/pokedex/133/eevee/cn;Eevee | Terastal Gathering | 139/208 | Poké Ball Holo
EVM-0547;No;0;Eevee;Terastal Gathering;139/208;Reverse Holo;Simplified Chinese;Simplified Chinese;1;No;;Released;2026-06-12;12/06/2026;Exact;Original tracker;EEV-0428;Audited base + language mapping;Second audit: fourth documented 139/208 treatment alongside Standard, Poké Ball Holo and Master Ball Holo.;https://www.elitefourum.com/t/collectors-guide-to-eevee-cards-in-all-languages/62616;https://www.elitefourum.com/t/collectors-guide-to-eevee-cards-in-all-languages/62616;Eevee | Terastal Gathering | 139/208 | Reverse Holo
EVM-0548;No;0;Eevee;Terastal Gathering;139/208;Standard;Simplified Chinese;Simplified Chinese;1;No;;Released;2026-06-12;12/06/2026;Exact;Original tracker;EEV-0414;Audited base + language mapping;;https://pokecottage.com/pokemon-master-sets/eevee;https://www.tcgcollector.com/pokedex/133/eevee/cn;Eevee | Terastal Gathering | 139/208 | Standard
EVM-0549;No;0;Eevee ex;Terastal Gathering;140/208;Holo;Simplified Chinese;Simplified Chinese;1;No;;Released;2026-06-12;12/06/2026;Exact;Original tracker;EEV-0415;Audited base + language mapping;;https://pokecottage.com/pokemon-master-sets/eevee;https://www.tcgcollector.com/pokedex/133/eevee/cn;Eevee ex | Terastal Gathering | 140/208 | Holo
EVM-0550;No;0;Eevee ex;Terastal Gathering;245/208;Holo;Simplified Chinese;Simplified Chinese;1;No;;Released;2026-06-12;12/06/2026;Exact;Original tracker;EEV-0416;Audited base + language mapping;;https://pokecottage.com/pokemon-master-sets/eevee;https://www.tcgcollector.com/pokedex/133/eevee/cn;Eevee ex | Terastal Gathering | 245/208 | Holo
EVM-0551;No;0;Eevee ex;Terastal Gathering;246/208;Holo;Simplified Chinese;Simplified Chinese;1;No;;Released;2026-06-12;12/06/2026;Exact;Original tracker;EEV-0417;Audited base + language mapping;;https://pokecottage.com/pokemon-master-sets/eevee;https://www.tcgcollector.com/pokedex/133/eevee/cn;Eevee ex | Terastal Gathering | 246/208 | Holo
EVM-0552;No;0;Eevee;Tactics Decks 2026 Participation Point Exchange;147/M-P;Promo;Thai;Thai;1;No;;Released;2026-07-17;17/07–04/10/2026;Range;Global expansion;;Regional/global addition;;https://bulbapedia.bulbagarden.net/wiki/M-P_Promotional_cards_(TTCG);https://www.elitefourum.com/t/collectors-guide-to-eevee-cards-in-all-languages/62616;Eevee | Tactics Decks 2026 Participation Point Exchange | 147/M-P | Promo
EVM-0553;No;0;Eevee;Tactics Decks 2026 Participation Point Exchange;172/M-P;Promo;Traditional Chinese;Traditional Chinese;1;No;;Released;2026-07-17;17/07–11/09/2026;Range;Global expansion;;Regional/global addition;;https://bulbapedia.bulbagarden.net/wiki/M-P_Promotional_cards_(TCTCG);https://www.elitefourum.com/t/collectors-guide-to-eevee-cards-in-all-languages/62616;Eevee | Tactics Decks 2026 Participation Point Exchange | 172/M-P | Promo
EVM-0554;No;0;Eevee;Starter Set ex Eevee ex;008/019;Standard;Japanese;Japanese;1;No;;Released;2026-07-31;31/07/2026;Exact;Original tracker;EEV-0418;Audited base + language mapping;"Missing from the 2026-07-25 PokéCottage checklist; verified as a distinct Eevee print.";https://bulbapedia.bulbagarden.net/wiki/Eevee_(ex_Starter_Set_2026_8);https://bulbapedia.bulbagarden.net/wiki/Ex_Starter_Set_Sprigatito_%26_Meowscarada_ex_(TCG);Eevee | Starter Set ex Eevee ex | 008/019 | Standard
EVM-0555;No;0;Eevee ex;Starter Set ex Eevee ex;009/019;Holo;Japanese;Japanese;1;No;;Released;2026-07-31;31/07/2026;Exact;Original tracker;EEV-0419;Audited base + language mapping;Second audit: corrected variant label from Promo to Holo.;https://bulbapedia.bulbagarden.net/wiki/Eevee_ex_(ex_Starter_Set_2026_9);https://bulbapedia.bulbagarden.net/wiki/Ex_Starter_Set_Sprigatito_%26_Meowscarada_ex_(TCG);Eevee ex | Starter Set ex Eevee ex | 009/019 | Holo
EVM-0556;No;0;Eevee;Starter Set ex Eevee ex;020/019;Holo / Full Art;Japanese;Japanese;1;No;;Released;2026-07-31;31/07/2026;Exact;Original tracker;EEV-0420;Audited base + language mapping;Second audit: corrected variant label from Promo to Holo / Full Art.;https://bulbapedia.bulbagarden.net/wiki/Eevee_(ex_Starter_Set_2026_8);https://bulbapedia.bulbagarden.net/wiki/Ex_Starter_Set_Sprigatito_%26_Meowscarada_ex_(TCG);Eevee | Starter Set ex Eevee ex | 020/019 | Holo / Full Art
EVM-0557;No;0;Eevee;Tactics Decks 2026 Participation Point Exchange;171/M-P;Promo;Indonesian;Indonesian;1;No;;Released;2026-07-31;31/07–16/10/2026;Range;Global expansion;;Regional/global addition;;https://bulbapedia.bulbagarden.net/wiki/M-P_Promotional_cards_(ITCG);https://www.elitefourum.com/t/collectors-guide-to-eevee-cards-in-all-languages/62616;Eevee | Tactics Decks 2026 Participation Point Exchange | 171/M-P | Promo
EVM-0558;No;0;Eevee;Dream Painting Eevees Figure Set;299/SV-P;Promo;Simplified Chinese;Simplified Chinese;1;No;;Released;2026-08-07;07/08/2026;Exact;Original tracker;EEV-0429;Audited base + language mapping;Simplified Chinese promo exclusive to the Dream Painting Eevees Figure Set.;https://bulbapedia.bulbagarden.net/wiki/SV-P_Promotional_cards_(SCTCG);https://bulbapedia.bulbagarden.net/wiki/SV-P_Promotional_cards_(SCTCG);Eevee | Dream Painting Eevees Figure Set | 299/SV-P | Promo
EVM-0559;No;0;Eevee;M-P Promos / Deck As Is Battle;134/M-P;Pokémon Card Gym participation promo;Japanese;Japanese;1;No;;Announced;2026-09-02;02/09/2026 (data annunciata per la promo Deck As Is Battle);Announced;Original tracker;EEV-0430;Audited base + language mapping;"Participation prize for Deck As Is Battle events beginning 2026-09-02; official event page confirms Eevee promo, secondary catalog confirms 134/M-P.";https://www.pokemon-card.com/info/005604.html;https://wiki.pokemoncentral.it/Carte_promozionali_M-P_%28GCC%29;Eevee | M-P Promos / Deck As Is Battle | 134/M-P | Pokémon Card Gym participation promo
EVM-0560;No;0;Eevee;30th Celebration;116/128;Holo;English;English;1;No;;Announced;2026-09-16;16/09/2026 (data annunciata);Announced;Original tracker;EEV-0421;Audited base + language mapping;"Announced; not physically released as of 2026-08-23.";https://pokecottage.com/pokemon-master-sets/eevee;https://www.pokemon.com/us/news/get-ready-for-pokemon-tcg-30th-celebration;Eevee | 30th Celebration | 116/128 | Holo
EVM-0561;No;0;Eevee;30th Celebration;117/128;Holo;English;English;1;No;;Announced;2026-09-16;16/09/2026 (data annunciata);Announced;Original tracker;EEV-0422;Audited base + language mapping;"Announced; not physically released as of 2026-08-23. Artwork by En Morikura.";https://bulbapedia.bulbagarden.net/wiki/Eevee_(30th_Celebration_117);https://www.pokemon.com/us/news/get-ready-for-pokemon-tcg-30th-celebration;Eevee | 30th Celebration | 117/128 | Holo
EVM-0562;No;0;Eevee;30th Celebration;118/128;Holo;English;English;1;No;;Announced;2026-09-16;16/09/2026 (data annunciata);Announced;Original tracker;EEV-0423;Audited base + language mapping;"Announced; not physically released as of 2026-08-23. Artwork by Hitoshi Ariga.";https://bulbapedia.bulbagarden.net/wiki/Eevee_(30th_Celebration_117);https://www.pokemon.com/us/news/get-ready-for-pokemon-tcg-30th-celebration;Eevee | 30th Celebration | 118/128 | Holo
EVM-0563;No;0;Eevee;30th Celebration Premium Deck Set Espeon & Umbreon;025/040;30th Celebration Premium Deck Set Espeon & Umbreon;Japanese;Japanese;1;No;;Announced;2026-09-16;16/09/2026 (data annunciata);Announced;Original tracker;EEV-0424;Audited base + language mapping;"Announced; not physically released as of 2026-08-23.";https://pokecottage.com/pokemon-master-sets/eevee;https://www.pokemon.com/us/news/get-ready-for-pokemon-tcg-30th-celebration;Eevee | 30th Celebration Premium Deck Set Espeon & Umbreon | 025/040 | 30th Celebration Premium Deck Set Espeon & Umbreon
EVM-0564;No;0;Eevee;30th Celebration Premium Deck Set Espeon & Umbreon;026/040;30th Celebration Premium Deck Set Espeon & Umbreon;Japanese;Japanese;1;No;;Announced;2026-09-16;16/09/2026 (data annunciata);Announced;Original tracker;EEV-0425;Audited base + language mapping;"Announced; not physically released as of 2026-08-23.";https://pokecottage.com/pokemon-master-sets/eevee;https://www.pokemon.com/us/news/get-ready-for-pokemon-tcg-30th-celebration;Eevee | 30th Celebration Premium Deck Set Espeon & Umbreon | 026/040 | 30th Celebration Premium Deck Set Espeon & Umbreon
